qid,BM25,Dense,RRF a=0.5,RRF a*=0.05 [BASELINE],Score fusion a*=0.25,Borda a*=0.00,ROUTER (ours),Oracle alpha
4641,0.0,0.5147714448836774,0.13120507751234178,0.5147714448836774,0.3347975674340217,0.5147714448836774,0.24816574496561808,0.6295516106099184
5503,0.3065735963827292,0.8315546295836225,0.6131471927654584,0.8065735963827293,0.6131471927654584,0.8315546295836225,0.8065735963827293,0.8315546295836225
7803,0.38685280723454163,0.38685280723454163,0.23719771276929622,0.2640681225725909,0.20438239758848611,0.38685280723454163,0.3065735963827292,0.6131471927654584
7017,0.0,0.0,0.0,0.0,0.0,0.0,0.0,0.0
10152,0.6309297535714575,1.0,1.0,1.0,1.0,1.0,1.0,1.0
3451,0.0,0.3576223542196109,0.13743816645714543,0.3576223542196109,0.2918104499436024,0.3576223542196109,0.3576223542196109,0.3576223542196109
4804,0.0,1.0,0.8503449055347546,1.0,1.0,1.0,1.0,1.0
7911,1.0,1.0,1.0,1.0,1.0,1.0,1.0,1.0
10809,0.20210734650054757,0.370291336443826,0.46927872602275644,0.2960819109658652,0.46927872602275644,0.370291336443826,0.431733884398313,0.46927872602275644
6715,0.6131471927654584,1.0,0.8175295903539445,1.0,1.0,1.0,1.0,1.0
2388,1.0,1.0,1.0,1.0,1.0,1.0,1.0,1.0
753,0.0,0.6131471927654584,0.6131471927654584,0.6131471927654584,0.6131471927654584,0.6131471927654584,0.6131471927654584,0.6131471927654584
4465,0.0,0.14126697285982898,0.18154179253735267,0.14126697285982898,0.1480409554829326,0.14126697285982898,0.14126697285982898,0.18154179253735267
7326,0.0,0.0,0.0,0.0,0.0,0.0,0.0,0.0
5951,0.2190529912912297,0.6020941629041773,0.48256607501657145,0.591793585310856,0.5682963021961281,0.6020941629041773,0.6020941629041773,0.6020941629041773
5653,1.0,1.0,1.0,1.0,1.0,1.0,1.0,1.0
10827,0.0,0.11305340175787204,0.0,0.11305340175787204,0.10699313236726378,0.11305340175787204,0.11305340175787204,0.1208113026994942
9771,0.0,0.0,0.6131471927654584,0.0,0.3065735963827292,0.0,0.0,0.6131471927654584
7105,0.0,1.0,0.5,1.0,0.6309297535714575,1.0,1.0,1.0
9332,0.2890648263178879,0.43067655807339306,1.0,0.5,0.5,0.43067655807339306,0.5,1.0
3724,0.0,0.2583297509898471,0.2051166673279436,0.2742654694553681,0.20483424751859086,0.2583297509898471,0.2532954041105318,0.2781981696179509
5853,0.0,0.22432294601898897,0.26852556974265224,0.23540784400158446,0.26852556974265224,0.22432294601898897,0.23540784400158446,0.37941405415148566
6832,0.0,0.3065735963827292,0.42177340954886444,0.38685280723454163,0.5640920940185894,0.3065735963827292,0.38685280723454163,0.5802792108518124
6807,0.31546487678572877,1.0,1.0,1.0,1.0,1.0,1.0,1.0
570,0.0,0.0,0.0,0.0,0.0,0.0,0.0,0.0
7279,0.0,0.8318724637288826,0.3191471544989227,0.8048099750039491,0.7246262544989281,0.8318724637288826,0.8318724637288826,0.8318724637288826
594,0.6131471927654584,0.8772153153380493,0.7977228895450266,0.8503449055347546,0.8503449055347546,0.8772153153380493,0.8503449055347546,0.8772153153380493
10122,0.0,0.5294362295028773,0.15101961822780524,0.5294362295028773,0.3080351663449861,0.5294362295028773,0.5294362295028773,0.5294362295028773
3091,0.0,0.9083745556952364,0.484860959467952,0.9083745556952364,0.9083745556952364,0.9083745556952364,0.9083745556952364,0.9083745556952364
904,1.0,1.0,1.0,1.0,1.0,1.0,1.0,1.0
4037,0.0,0.6131471927654584,0.0,0.3065735963827292,0.3065735963827292,0.6131471927654584,0.3065735963827292,0.6131471927654584
8537,0.0,1.0,0.38685280723454163,1.0,1.0,1.0,1.0,1.0
3357,0.6309297535714575,0.6309297535714575,1.0,1.0,1.0,0.6309297535714575,1.0,1.0
1783,0.0,0.0,0.0,0.0,0.0,0.0,0.0,0.0
6004,0.0,0.0,0.0,0.0,0.0,0.0,0.0,0.0
2923,0.2591217516005785,0.8200261225503443,0.6992148198508501,0.830419897363192,0.8357799744028239,0.8200261225503443,0.830419897363192,0.8539316501572937
5271,0.0,0.7988614740430418,0.49818925746641285,0.8194270280062366,0.8278123145308894,0.7988614740430418,0.8194270280062366,0.8519590445170673
2108,0.0,0.5307212739772434,0.0,0.4367467095119258,0.38268031849431083,0.5307212739772434,0.41618115554873086,0.5307212739772434
7590,0.44130740935663865,0.8503449055347546,0.6934264036172708,0.8772153153380493,0.8772153153380493,0.8503449055347546,0.8772153153380493,0.8772153153380493
932,0.3065735963827292,0.5,0.9197207891481876,0.6240505200038379,0.6509209298071326,0.5,0.5109559939712153,0.9197207891481876
5981,0.8687949224876582,1.0,0.8687949224876582,1.0,1.0,1.0,1.0,1.0
4837,0.0,0.0,0.0,0.0,0.0,0.0,0.0,0.0
4415,0.0,0.15101961822780524,0.11751610475642714,0.13012668333070054,0.13905617951077562,0.15101961822780524,0.16812753627111746,0.16812753627111746
1915,0.6131471927654584,1.0,0.8503449055347546,1.0,1.0,1.0,1.0,1.0
8378,0.0,0.23463936301137822,0.13565197343244778,0.23463936301137822,0.20210734650054757,0.23463936301137822,0.23463936301137822,0.23463936301137822
2316,0.8772153153380493,1.0,1.0,1.0,1.0,1.0,1.0,1.0
8102,0.0,0.5078961547485289,0.5585075862632192,0.5078961547485289,0.5585075862632192,0.5078961547485289,0.5135312443624667,0.6366824387328317
3405,0.0,0.0,0.0,0.0,0.0,0.0,0.0,0.0
7928,0.19519002499605084,0.0,0.5585075862632192,0.0,0.123151194370365,0.0,0.0,0.5585075862632192
603,0.0,1.0,0.3562071871080222,1.0,0.6309297535714575,1.0,0.6309297535714575,1.0
1281,0.0,0.6309297535714575,0.5,0.6309297535714575,0.6309297535714575,0.6309297535714575,0.6309297535714575,0.6309297535714575
3830,0.6309297535714575,1.0,1.0,1.0,1.0,1.0,1.0,1.0
3837,0.6309297535714575,0.3562071871080222,0.5,0.43067655807339306,0.5,0.3562071871080222,0.38685280723454163,0.6309297535714575
4447,1.0,0.5,1.0,0.6309297535714575,1.0,0.5,1.0,1.0
2376,0.6744921473460479,0.9062487935025676,0.9860433320650158,0.9098999913476323,1.0,0.9062487935025676,0.9098999913476323,1.0
4777,0.0,0.0,0.0,0.0,0.0,0.0,0.0,0.0
5741,0.0,0.2640681225725909,0.3065735963827292,0.3065735963827292,0.38685280723454163,0.2640681225725909,0.3065735963827292,0.6131471927654584
2318,0.0,0.6309297535714575,0.6309297535714575,1.0,0.6309297535714575,0.6309297535714575,1.0,1.0
620,0.0,0.09803928583135704,0.0,0.09803928583135704,0.10699313236726378,0.09803928583135704,0.09803928583135704,0.10699313236726378
8271,0.6131471927654584,0.6131471927654584,0.6131471927654584,0.6131471927654584,0.6131471927654584,0.6131471927654584,0.6131471927654584,0.6131471927654584
4865,0.0,0.0,0.0,0.0,0.0,0.0,0.0,0.0
864,0.19092086617893467,0.7456919575934261,0.7751482523375255,0.7618870795651185,0.7751482523375255,0.7456919575934261,0.7618870795651185,0.7751482523375255
5888,0.3065735963827292,0.23719771276929622,0.38685280723454163,0.23719771276929622,0.23719771276929622,0.23719771276929622,0.23719771276929622,0.6131471927654584
2568,0.0,0.6101543717595667,0.17342765698823945,0.6101543717595667,0.499028327865556,0.6101543717595667,0.6101543717595667,0.6101543717595667
5150,0.3562071871080222,0.6309297535714575,1.0,0.6309297535714575,0.6309297535714575,0.6309297535714575,0.6309297535714575,1.0
7124,0.0,0.6886342695939197,0.19519002499605084,0.6886342695939197,0.6366824387328317,0.6886342695939197,0.6886342695939197,0.7668091220635322
2857,0.24630238874073,0.6366824387328317,0.5294362295028773,0.6366824387328317,0.5855700749881525,0.6366824387328317,0.6366824387328317,0.6366824387328317
8539,0.0,0.369453583111095,0.0,0.3638184934971571,0.13905617951077562,0.369453583111095,0.369453583111095,0.369453583111095
6896,0.0,0.0,0.0,0.0,0.0,0.0,0.0,0.0
1085,0.0,0.20438239758848611,0.0,0.19342640361727081,0.0,0.20438239758848611,0.18457569677956817,0.20438239758848611
5422,0.0,0.19519002499605084,0.13012668333070054,0.24630238874073,0.19519002499605084,0.19519002499605084,0.24630238874073,0.24630238874073
8247,0.0,0.15101961822780524,0.0,0.13905617951077562,0.11284514134893527,0.15101961822780524,0.13905617951077562,0.15101961822780524
4946,1.0,0.6309297535714575,1.0,1.0,1.0,0.6309297535714575,1.0,1.0
10482,0.0,0.0,0.0,0.0,0.0,0.0,0.0,0.0
4571,0.46927872602275644,0.7653606369886217,0.7653606369886217,0.7653606369886217,0.7653606369886217,0.7653606369886217,0.7653606369886217,0.7653606369886217
8789,0.7653606369886217,0.7653606369886217,0.7653606369886217,0.7653606369886217,0.7653606369886217,0.7653606369886217,0.7653606369886217,0.7653606369886217
8034,0.0,0.0,0.0,0.0,0.0,0.0,0.0,0.0
4600,0.0,1.0,0.6309297535714575,1.0,1.0,1.0,1.0,1.0
2423,0.0,0.17342765698823945,0.2797643380184693,0.17342765698823945,0.2918104499436024,0.17342765698823945,0.17342765698823945,0.3727892582642586
8475,0.5399294342072939,0.8104616303452685,0.9083745556952364,0.8971754588393882,0.9083745556952364,0.8104616303452685,0.8971754588393882,0.9083745556952364
4523,0.0,0.6992148198508501,0.5531464700081437,0.7227265726449519,0.6992148198508501,0.6992148198508501,0.7227265726449519,0.7227265726449519
8513,0.0,0.0,0.0,0.0,0.0,0.0,0.0,0.0
1198,1.0,1.0,1.0,1.0,1.0,1.0,1.0,1.0
9291,0.0,0.19342640361727081,0.21840743681816419,0.19342640361727081,0.20438239758848611,0.19342640361727081,0.19342640361727081,0.23719771276929622
8532,0.23463936301137822,0.7039180890341347,0.46927872602275644,0.7653606369886217,0.7653606369886217,0.7039180890341347,0.7653606369886217,0.7653606369886217
1824,0.0,1.0,0.3333333333333333,1.0,1.0,1.0,1.0,1.0
5054,0.0,0.43067655807339306,0.0,0.43067655807339306,0.43067655807339306,0.43067655807339306,0.43067655807339306,0.43067655807339306
1159,0.0,0.0,0.0,0.0,0.0,0.0,0.0,0.0
4920,0.34870224750355494,1.0,1.0,1.0,1.0,1.0,1.0,1.0
68,0.0,0.0,0.0,0.0,0.0,0.0,0.0,0.0
7269,0.0,0.0,0.0,0.0,0.0,0.0,0.0,0.0
750,0.6131471927654584,0.8175295903539445,0.9197207891481876,0.8315546295836225,0.8315546295836225,0.8175295903539445,0.8175295903539445,0.9197207891481876
9701,0.0,0.0,0.0,0.0,0.0,0.0,0.0,0.0
6199,0.3903800499921017,0.7668091220635322,0.75369761125927,0.7757386182436072,0.8048099750039491,0.7668091220635322,0.7757386182436072,0.8048099750039491
9126,0.0,0.0,0.0,0.0,0.0,0.0,0.0,0.0
34,0.0,0.0,0.0,0.0,0.0,0.0,0.0,0.0
4011,0.46927872602275644,1.0,0.7039180890341347,1.0,1.0,1.0,1.0,1.0
4700,1.0,0.6309297535714575,1.0,1.0,1.0,0.6309297535714575,1.0,1.0
6395,0.0,0.0,0.0,0.0,0.0,0.0,0.0,0.0
852,0.812653045383133,0.7039180890341347,0.9469024295259745,0.7653606369886217,0.9066276098484507,0.7039180890341347,0.9134015924715543,0.9674679834891693
9115,0.0,0.36926780146674987,0.40179981797758046,0.38364913903790027,0.41618115554873086,0.36926780146674987,0.38364913903790027,0.4367467095119258
1297,0.0,1.0,1.0,1.0,1.0,1.0,1.0,1.0
5085,1.0,1.0,1.0,1.0,1.0,1.0,1.0,1.0
4767,0.0,0.0,0.14606834984270645,0.0,0.11305340175787204,0.0,0.0,0.16958010263680806
2593,0.23463936301137822,0.6713860725233041,0.5307212739772434,0.7039180890341347,0.5307212739772434,0.6713860725233041,0.6713860725233041,0.7039180890341347
2724,0.3065735963827292,1.0,0.8772153153380493,1.0,1.0,1.0,1.0,1.0
11088,0.0,1.0,1.0,1.0,1.0,1.0,1.0,1.0
18,0.0,0.5,0.5,0.6309297535714575,0.6309297535714575,0.5,0.6309297535714575,0.6309297535714575
109,0.5,1.0,1.0,1.0,1.0,1.0,1.0,1.0
8351,0.6131471927654584,0.20438239758848611,0.6131471927654584,0.2640681225725909,0.6131471927654584,0.20438239758848611,0.2640681225725909,0.6131471927654584
6131,0.22009176629808017,0.5766882048947064,0.4690000933206748,0.6122496142821665,0.6325414799409712,0.5766882048947064,0.6325414799409712,0.696162268139923
3480,0.7668091220635322,1.0,0.9828920819566879,1.0,1.0,1.0,1.0,1.0
7992,0.20438239758848611,0.0,0.2640681225725909,0.0,0.17723928678404774,0.0,0.0,0.3065735963827292
858,0.0,0.19519002499605084,0.19519002499605084,0.19519002499605084,0.16812753627111746,0.19519002499605084,0.19519002499605084,0.24630238874073
4019,0.11305340175787204,0.0,0.0,0.0,0.0,0.0,0.0,0.13120507751234178
6080,0.6131471927654584,1.0,0.6131471927654584,1.0,1.0,1.0,0.7977228895450266,1.0
2580,0.7653606369886217,0.46927872602275644,0.7039180890341347,0.46927872602275644,0.7653606369886217,0.46927872602275644,0.7039180890341347,0.7653606369886217
7513,0.15642624200758548,0.0,0.0,0.0,0.0,0.0,0.0,0.18154179253735267
6959,0.0,0.7903864795495061,0.0,0.7903864795495061,0.6131471927654584,0.7903864795495061,0.7903864795495061,0.7903864795495061
5402,0.0,0.6131471927654584,0.20438239758848611,0.6131471927654584,0.6131471927654584,0.6131471927654584,0.6131471927654584,0.6131471927654584
4504,0.38685280723454163,0.8772153153380493,1.0,0.9197207891481876,1.0,0.8772153153380493,1.0,1.0
6562,0.0,0.5205067333228022,0.11284514134893527,0.5205067333228022,0.3903800499921017,0.5205067333228022,0.5205067333228022,0.5205067333228022
4775,0.0,0.0,0.38685280723454163,0.0,0.3010299956639812,0.0,0.0,0.43067655807339306
9565,0.48247555939075504,1.0,0.6934264036172708,1.0,1.0,1.0,1.0,1.0
10734,0.4935232796777481,0.8529794827885765,0.6980575869171198,0.8706086854269929,0.8534811121179371,0.8529794827885765,0.8534811121179371,0.8706086854269929
701,0.0,0.23463936301137822,0.0,0.23463936301137822,0.13565197343244778,0.23463936301137822,0.23463936301137822,0.23463936301137822
585,0.0,0.6131471927654584,0.17723928678404774,0.3065735963827292,0.3065735963827292,0.6131471927654584,0.3065735963827292,0.6131471927654584
8934,0.23719771276929622,0.7903864795495061,0.38685280723454163,0.6131471927654584,0.6131471927654584,0.7903864795495061,0.7903864795495061,0.7903864795495061
11054,1.0,1.0,1.0,1.0,1.0,1.0,1.0,1.0
56,0.0,0.43067655807339306,0.43067655807339306,0.43067655807339306,0.38685280723454163,0.43067655807339306,0.43067655807339306,0.5
6862,0.5,1.0,1.0,1.0,1.0,1.0,1.0,1.0
9598,0.0,0.0,0.0,0.0,0.0,0.0,0.0,0.0
4265,0.15130120674940672,0.7247145167543899,0.7751482523375255,0.7316362001126298,0.8573475126545858,0.7247145167543899,0.7409096387260823,0.8829374068620365
90,0.0,0.38685280723454163,0.0,0.3562071871080222,0.3010299956639812,0.38685280723454163,0.3562071871080222,0.38685280723454163
8592,0.15642624200758548,0.0,0.14126697285982898,0.0,0.0,0.0,0.0,0.16716045496620227
10547,0.0,0.5,0.0,0.43067655807339306,0.3562071871080222,0.5,0.43067655807339306,0.5
5231,0.0,0.0,0.0,0.0,0.0,0.0,0.0,0.0
7674,0.0,0.0,0.0,0.0,0.0,0.0,0.0,0.0
3103,0.5,1.0,0.6309297535714575,1.0,1.0,1.0,1.0,1.0
10137,0.0,0.43067655807339306,0.5,0.5,0.5,0.43067655807339306,0.6309297535714575,0.6309297535714575
1415,1.0,0.9709286432396583,1.0,0.9828920819566879,1.0,0.9709286432396583,0.9709286432396583,1.0
5940,0.0,0.0,0.0,0.0,0.0,0.0,0.0,0.0
6612,0.0,0.0,0.20210734650054757,0.0,0.13565197343244778,0.0,0.0,0.2960819109658652
945,0.0,1.0,0.0,0.5,0.43067655807339306,1.0,0.5,1.0
2549,0.0,0.2640681225725909,0.38685280723454163,0.3065735963827292,0.3065735963827292,0.2640681225725909,0.3065735963827292,0.6131471927654584
4714,0.32531670832675136,0.6366824387328317,0.8048099750039491,0.6366824387328317,0.6366824387328317,0.6366824387328317,0.6366824387328317,0.8048099750039491
588,0.6131471927654584,1.0,0.6131471927654584,0.9197207891481876,0.7977228895450266,1.0,1.0,1.0
4233,0.639945385422766,0.9896062251871525,0.8539316501572937,0.9896062251871525,0.9896062251871525,0.9896062251871525,0.9896062251871525,0.9896062251871525
6441,0.5,0.43067655807339306,0.6309297535714575,0.43067655807339306,0.6309297535714575,0.43067655807339306,0.43067655807339306,1.0
8456,0.46927872602275644,0.14126697285982898,0.46927872602275644,0.16716045496620227,0.46927872602275644,0.14126697285982898,0.46927872602275644,0.46927872602275644
10213,0.0,0.46927872602275644,0.3235866969737877,0.46927872602275644,0.46927872602275644,0.46927872602275644,0.46927872602275644,0.46927872602275644
106,0.0,1.0,0.5,1.0,1.0,1.0,1.0,1.0
4306,0.3903800499921017,0.5413996682199069,0.5585075862632192,0.5294362295028773,0.5294362295028773,0.5413996682199069,0.5294362295028773,0.6469523342593044
5196,0.15642624200758548,0.0,0.46927872602275644,0.0,0.20210734650054757,0.0,0.0,0.46927872602275644
3006,0.19092086617893467,0.19092086617893467,0.30260241349881345,0.30260241349881345,0.30260241349881345,0.19092086617893467,0.30260241349881345,0.30260241349881345
7205,0.0,1.0,0.6309297535714575,1.0,1.0,1.0,1.0,1.0
3909,0.0,0.3843113526044082,0.388244052766991,0.40853591842579556,0.4690000933206748,0.3843113526044082,0.41528076708874123,0.4690000933206748
4116,0.21840743681816419,0.6131471927654584,0.6131471927654584,0.6131471927654584,0.6131471927654584,0.6131471927654584,0.6131471927654584,0.6131471927654584
4942,0.0,0.2890648263178879,0.0,0.2890648263178879,0.0,0.2890648263178879,0.2890648263178879,0.2890648263178879
6907,0.0,0.0,0.6309297535714575,0.0,0.0,0.0,0.0,0.6309297535714575
5464,0.0,0.0,0.0,0.0,0.0,0.0,0.0,0.0
2385,0.6131471927654584,0.6131471927654584,0.6131471927654584,0.6131471927654584,0.6131471927654584,0.6131471927654584,0.6131471927654584,0.6131471927654584
691,0.6309297535714575,1.0,1.0,1.0,1.0,1.0,1.0,1.0
3177,0.16716045496620227,0.14126697285982898,0.0,0.1480409554829326,0.13565197343244778,0.14126697285982898,0.0,0.16716045496620227
10034,0.17723928678404774,0.20438239758848611,0.38685280723454163,0.21840743681816419,0.23719771276929622,0.20438239758848611,0.23719771276929622,0.38685280723454163
5090,0.0,0.8503449055347546,0.2640681225725909,0.8503449055347546,0.7903864795495061,0.8503449055347546,0.6240505200038379,0.8503449055347546
2088,0.0,0.6131471927654584,0.0,0.38685280723454163,0.19342640361727081,0.6131471927654584,0.38685280723454163,0.6131471927654584
9391,0.0,0.7095272044910244,0.369453583111095,0.7095272044910244,0.592512031964586,0.7095272044910244,0.7095272044910244,0.7095272044910244
529,0.0,0.0,0.0,0.0,0.0,0.0,0.0,0.0
2118,0.0,0.5,0.0,0.43067655807339306,0.3562071871080222,0.5,0.43067655807339306,0.5
3148,0.5531464700081437,0.6992148198508501,0.6843515475204855,0.7227265726449519,0.7227265726449519,0.6992148198508501,0.7227265726449519,0.7227265726449519
4955,0.0,0.0,0.0,0.0,0.0,0.0,0.0,0.0
8275,0.0,0.5,0.3562071871080222,0.5,0.6309297535714575,0.5,0.5,0.6309297535714575
4678,0.0,0.0,0.0,0.0,0.0,0.0,0.0,0.0
2398,0.0,0.11305340175787204,0.0,0.11305340175787204,0.11305340175787204,0.11305340175787204,0.1208113026994942,0.1208113026994942
3569,0.3562071871080222,0.0,0.38685280723454163,0.0,0.0,0.0,0.0,0.5
8072,0.23463936301137822,0.46927872602275644,0.6257049680303419,0.46927872602275644,0.46927872602275644,0.46927872602275644,0.46927872602275644,0.6257049680303419
7734,0.6131471927654584,0.6131471927654584,0.6131471927654584,0.6131471927654584,0.6131471927654584,0.6131471927654584,0.6131471927654584,0.6131471927654584
8947,0.0,0.38685280723454163,0.21840743681816419,0.38685280723454163,0.6131471927654584,0.38685280723454163,0.38685280723454163,0.6131471927654584
6746,0.0,0.6131471927654584,0.2640681225725909,0.6131471927654584,0.6131471927654584,0.6131471927654584,0.6131471927654584,0.6131471927654584
5511,0.0,0.18340980524840012,0.0,0.17947710508581735,0.14465249243306436,0.18340980524840012,0.18340980524840012,0.18340980524840012
6009,0.0,0.0,0.3562071871080222,0.0,0.2890648263178879,0.0,0.0,0.43067655807339306
813,0.0,0.6131471927654584,0.0,0.6131471927654584,0.6131471927654584,0.6131471927654584,0.3065735963827292,0.6131471927654584
8834,0.0,0.7247145167543899,0.6753197893820488,0.7456919575934261,0.7526136409516659,0.7247145167543899,0.7526136409516659,0.7751482523375255
1157,0.6131471927654584,0.6131471927654584,0.6131471927654584,0.6131471927654584,0.6131471927654584,0.6131471927654584,0.6131471927654584,0.6131471927654584
988,0.0,0.0,0.0,0.0,0.0,0.0,0.0,0.0
3369,0.0,0.0,0.0,0.0,0.0,0.0,0.0,0.0
9296,0.0,0.6131471927654584,0.0,0.3065735963827292,0.6131471927654584,0.6131471927654584,0.3065735963827292,0.6131471927654584
9643,0.38685280723454163,0.5,0.5,0.5,0.5,0.5,0.5,0.5
9245,0.0,0.0,0.0,0.0,0.0,0.0,0.0,0.0
3490,0.0,0.0,0.0,0.0,0.0,0.0,0.0,0.0
5763,0.14126697285982898,0.7653606369886217,0.46927872602275644,0.7653606369886217,0.7653606369886217,0.7653606369886217,0.7653606369886217,0.7653606369886217
26,0.20438239758848611,0.0,0.18457569677956817,0.0,0.0,0.0,0.0,0.2640681225725909
4962,0.0,0.18457569677956817,0.6131471927654584,0.19342640361727081,0.3065735963827292,0.18457569677956817,0.19342640361727081,0.6131471927654584
4846,0.0,0.0,0.0,0.0,0.0,0.0,0.0,0.0
2460,0.2960819109658652,1.0,0.8529278650606567,1.0,1.0,1.0,1.0,1.0
9403,0.0,0.0,0.0,0.0,0.0,0.0,0.0,0.0
5646,0.46927872602275644,1.0,0.6713860725233041,1.0,1.0,1.0,1.0,1.0
3503,0.11838279295536291,0.835682231945392,0.6053650088957859,0.8081164970945601,0.7286594176617927,0.835682231945392,0.8081164970945601,0.835682231945392
2676,0.0,0.3562071871080222,0.38685280723454163,0.38685280723454163,0.43067655807339306,0.3562071871080222,0.38685280723454163,0.5
929,1.0,1.0,1.0,1.0,1.0,1.0,1.0,1.0
5993,0.22009176629808017,0.5637884576902256,0.424926013816671,0.5637884576902256,0.5810820381115676,0.5637884576902256,0.6177639991612475,0.6177639991612475
10845,1.0,1.0,1.0,1.0,1.0,1.0,1.0,1.0
8116,0.8772153153380493,0.8772153153380493,0.9197207891481876,0.9197207891481876,0.9197207891481876,0.8772153153380493,0.9197207891481876,1.0
9633,0.6131471927654584,0.6131471927654584,0.6131471927654584,0.6131471927654584,0.6131471927654584,0.6131471927654584,0.6131471927654584,0.6131471927654584
5710,0.0,0.0,0.0,0.0,0.0,0.0,0.0,0.0
9824,0.0,1.0,1.0,1.0,1.0,1.0,1.0,1.0
7529,0.20438239758848611,0.6131471927654584,0.38685280723454163,0.6131471927654584,0.6131471927654584,0.6131471927654584,0.6131471927654584,0.6131471927654584
475,0.43067655807339306,1.0,1.0,1.0,1.0,1.0,1.0,1.0
5021,0.0,0.3333333333333333,0.0,0.3333333333333333,0.31546487678572877,0.3333333333333333,0.3333333333333333,0.3333333333333333
9548,0.3010299956639812,0.6309297535714575,1.0,1.0,1.0,0.6309297535714575,1.0,1.0
7592,0.0,0.0,0.0,0.0,0.0,0.0,0.0,0.0
2968,0.6131471927654584,1.0,0.8315546295836225,1.0,0.8772153153380493,1.0,1.0,1.0
7758,1.0,1.0,1.0,1.0,1.0,1.0,1.0,1.0
3612,0.0,0.3903800499921017,0.13012668333070054,0.3903800499921017,0.5205067333228022,0.3903800499921017,0.3903800499921017,0.3903800499921017
10596,0.5922216874835863,0.9896062251871525,0.9512312000626861,0.9896062251871525,0.9747429528567879,0.9896062251871525,0.9896062251871525,0.9896062251871525
4153,0.0,0.6309297535714575,0.43067655807339306,0.6309297535714575,0.6309297535714575,0.6309297535714575,0.6309297535714575,0.6309297535714575
4409,0.0,0.6969383549984332,0.1884441521277154,0.6969383549984332,0.5352543167750639,0.6969383549984332,0.6969383549984332,0.6969383549984332
5369,0.0,0.0,0.19342640361727081,0.0,0.17723928678404774,0.0,0.0,0.19342640361727081
2070,0.2960819109658652,0.16716045496620227,0.23463936301137822,0.30281242839865,0.35853358850813305,0.16716045496620227,0.16716045496620227,0.34337431936037655
5505,1.0,1.0,1.0,1.0,1.0,1.0,1.0,1.0
6611,0.38685280723454163,1.0,0.9197207891481876,1.0,0.9197207891481876,1.0,1.0,1.0
11039,0.10893649261775588,0.35079429740281753,0.17399493535254396,0.26852556974265224,0.3236978499432302,0.35079429740281753,0.35079429740281753,0.35079429740281753
5460,0.0,0.0,0.13120507751234178,0.0,0.0,0.0,0.0,0.23330247263525344
7925,0.0,0.3936948167222715,0.19092086617893467,0.4811665308236797,0.4539036202482202,0.3936948167222715,0.4811665308236797,0.5413753343496284
4286,0.38685280723454163,0.6131471927654584,0.6131471927654584,0.6131471927654584,0.6131471927654584,0.6131471927654584,0.6131471927654584,0.6131471927654584
3789,0.8318724637288826,0.6366824387328317,0.8048099750039491,0.7541985434892589,0.8318724637288826,0.6366824387328317,0.7495275800817669,0.8318724637288826
5228,0.0,0.0,0.0,0.0,0.0,0.0,0.0,0.0
2685,0.07979453856244817,0.2529427027676571,0.2529427027676571,0.2529427027676571,0.2529427027676571,0.2529427027676571,0.2529427027676571,0.2529427027676571
8702,0.38268031849431083,0.6713860725233041,0.6713860725233041,0.6713860725233041,0.7039180890341347,0.6713860725233041,0.6713860725233041,0.7039180890341347
1877,0.6309297535714575,1.0,1.0,1.0,1.0,1.0,1.0,1.0
10645,0.20438239758848611,0.7903864795495061,0.2640681225725909,0.7977228895450266,0.8065735963827293,0.7903864795495061,0.7977228895450266,0.7977228895450266
1090,0.0,0.0,0.0,0.0,0.0,0.0,0.0,0.0
7080,0.6131471927654584,1.0,0.8772153153380493,1.0,1.0,1.0,0.9197207891481876,1.0
6122,0.46927872602275644,0.46927872602275644,0.46927872602275644,0.46927872602275644,0.46927872602275644,0.46927872602275644,0.46927872602275644,0.46927872602275644
3682,0.0,0.23719771276929622,0.23719771276929622,0.23719771276929622,0.3065735963827292,0.23719771276929622,0.3065735963827292,0.3065735963827292
4514,0.13032376591037062,0.30260241349881345,0.3692312710536414,0.39007412760022164,0.25909036127391766,0.30260241349881345,0.30260241349881345,0.39907586254035626
8507,0.0,0.0,0.14126697285982898,0.0,0.1480409554829326,0.0,0.0,0.15642624200758548
6221,0.0,0.07311683844390994,0.0761433407173835,0.0,0.0,0.07311683844390994,0.0,0.0843142342558857
1819,0.0,0.33964039201708607,0.0,0.30540177840564287,0.2032495876139783,0.33964039201708607,0.33964039201708607,0.33964039201708607
6468,0.38685280723454163,0.7977228895450266,0.6131471927654584,0.7903864795495061,0.7903864795495061,0.7977228895450266,0.7977228895450266,0.7977228895450266
3008,0.0,0.5205067333228022,0.11284514134893527,0.31834121936641585,0.3764290720714305,0.5205067333228022,0.369453583111095,0.5205067333228022
9925,0.8503449055347546,0.8315546295836225,0.8772153153380493,0.8315546295836225,0.8315546295836225,0.8315546295836225,0.8315546295836225,0.8772153153380493
4007,0.6508205185601091,0.6364391809889587,0.7653606369886217,0.6508205185601091,0.7039180890341347,0.6364391809889587,0.6508205185601091,0.7653606369886217
6644,0.0,0.0,0.0,0.0,0.0,0.0,0.0,0.0
6420,0.6131471927654584,1.0,1.0,1.0,1.0,1.0,1.0,1.0
6713,0.6131471927654584,0.8503449055347546,0.6131471927654584,0.8315546295836225,0.8315546295836225,0.8503449055347546,0.8503449055347546,0.8503449055347546
4844,0.39564672360221187,0.8065735963827293,0.8503449055347546,0.8175295903539445,0.8175295903539445,0.8065735963827293,0.8175295903539445,0.8503449055347546
7463,0.0,0.5531464700081437,0.10699313236726378,0.5531464700081437,0.48522855511632257,0.5531464700081437,0.5531464700081437,0.5531464700081437
6479,1.0,1.0,1.0,1.0,1.0,1.0,1.0,1.0
10267,0.0,0.3793708224779599,0.2826335043946801,0.3793708224779599,0.27727342735504823,0.3793708224779599,0.3793708224779599,0.4621520097001457
7622,0.0,0.0,0.0,0.0,0.0,0.0,0.0,0.0
10979,0.5585075862632192,0.3973220069685352,0.6366824387328317,0.44149241373678083,0.44149241373678083,0.3973220069685352,0.44149241373678083,0.6366824387328317
2498,0.0,0.3010299956639812,0.5,0.31546487678572877,0.38685280723454163,0.3010299956639812,0.31546487678572877,0.5
2010,0.1480409554829326,0.9217868789962071,0.4525081529734507,0.9217868789962071,0.8451850618939637,0.9217868789962071,0.9217868789962071,0.9217868789962071
3767,0.0,0.22924436334369883,0.0,0.21109268758922906,0.09803928583135704,0.22924436334369883,0.21109268758922906,0.22924436334369883
7145,0.0,0.4441228664487979,0.0,0.34337431936037655,0.18154179253735267,0.4441228664487979,0.33775931993299535,0.4441228664487979
6554,0.18457569677956817,0.9197207891481876,0.6131471927654584,0.9197207891481876,0.6131471927654584,0.9197207891481876,0.9197207891481876,0.9197207891481876
9556,0.6309297535714575,1.0,1.0,1.0,1.0,1.0,1.0,1.0
2445,1.0,1.0,1.0,1.0,1.0,1.0,1.0,1.0
6410,0.31546487678572877,0.0,0.38685280723454163,0.0,0.0,0.0,0.0,0.43067655807339306
5155,0.43067655807339306,0.0,1.0,0.0,0.43067655807339306,0.0,0.0,1.0
5030,0.0,0.0,0.0,0.0,0.0,0.0,0.0,0.0
6252,0.0,0.3932591258696538,0.18462675384408753,0.3932591258696538,0.38121301394452073,0.3932591258696538,0.3932591258696538,0.3932591258696538
885,0.0,0.0,0.0,0.0,0.0,0.0,0.0,0.0
7377,0.0,0.3562071871080222,0.5,0.43067655807339306,0.5,0.3562071871080222,0.5,0.6309297535714575
4031,0.0,0.0,0.0,0.0,0.0,0.0,0.0,0.0
766,0.0,0.18154179253735267,0.431733884398313,0.18154179253735267,0.37590633587120725,0.18154179253735267,0.18154179253735267,0.4525081529734507
8779,0.23719771276929622,0.5437713091520254,0.3065735963827292,0.5437713091520254,0.5249810332008933,0.5437713091520254,0.5437713091520254,0.5912352048230277
2183,0.4935232796777481,0.8696762340896295,0.4935232796777481,0.8696762340896295,0.8227286033360878,0.8696762340896295,0.8696762340896295,0.8696762340896295
6219,1.0,1.0,1.0,1.0,1.0,1.0,1.0,1.0
6849,0.0,0.43067655807339306,0.43067655807339306,0.5,0.38685280723454163,0.43067655807339306,0.5,0.6309297535714575
8079,0.20210734650054757,0.41618115554873086,0.8519590445170673,0.6338412308988606,0.5988943393645153,0.41618115554873086,0.6338412308988606,0.86034433104172
5086,0.5,1.0,1.0,1.0,1.0,1.0,1.0,1.0
8202,0.0,0.0,0.0,0.0,0.0,0.0,0.0,0.0
7345,0.0,0.46927872602275644,0.2960819109658652,0.46927872602275644,0.2960819109658652,0.46927872602275644,0.46927872602275644,0.46927872602275644
2648,1.0,1.0,1.0,1.0,1.0,1.0,1.0,1.0
7441,0.18154179253735267,0.47084972088011423,0.6364391809889587,0.4736200079773859,0.38364913903790027,0.47084972088011423,0.4736200079773859,0.6364391809889587
776,0.22009176629808017,0.388244052766991,0.30523488393970116,0.3843113526044082,0.3589542101716347,0.388244052766991,0.3589542101716347,0.42520843362602373
5125,1.0,1.0,1.0,1.0,1.0,1.0,1.0,1.0
89,0.09109240322345806,0.23811292043488155,0.23877292085081492,0.24676163983887406,0.19092086617893467,0.23811292043488155,0.22578419899983795,0.286381299268402
9329,0.6131471927654584,0.23719771276929622,0.6131471927654584,0.2640681225725909,0.6131471927654584,0.23719771276929622,0.6131471927654584,0.8065735963827293
2516,0.3903800499921017,0.8318724637288826,0.5205067333228022,0.8318724637288826,0.787702056960637,0.8318724637288826,0.8318724637288826,0.8318724637288826
6629,0.0,0.0,0.0,0.0,0.0,0.0,0.0,0.0
8970,0.2640681225725909,0.9197207891481876,0.8772153153380493,0.9197207891481876,0.9197207891481876,0.9197207891481876,0.9197207891481876,0.9197207891481876
4484,0.31546487678572877,1.0,1.0,1.0,1.0,1.0,1.0,1.0
1451,0.38685280723454163,0.5,1.0,1.0,1.0,0.5,1.0,1.0
1889,0.0,0.0,0.0,0.0,0.0,0.0,0.0,0.0
1920,0.0,0.0,0.0,0.0,0.0,0.0,0.0,0.0
8013,0.0,0.45749452618986164,0.18457569677956817,0.448643819352159,0.23719771276929622,0.45749452618986164,0.44130740935663865,0.45749452618986164
3759,0.0,0.0,0.0,0.0,0.0,0.0,0.0,0.0
7295,0.0,0.0,0.0,0.0,0.0,0.0,0.0,0.0
7448,1.0,1.0,1.0,1.0,1.0,1.0,1.0,1.0
7329,0.0,0.6131471927654584,0.23719771276929622,0.3065735963827292,0.3065735963827292,0.6131471927654584,0.2640681225725909,0.6131471927654584
10639,0.3391602052736161,0.21398626473452756,0.21398626473452756,0.21398626473452756,0.3391602052736161,0.21398626473452756,0.21398626473452756,0.3391602052736161
6635,0.3903800499921017,0.6366824387328317,0.6366824387328317,0.6366824387328317,0.6366824387328317,0.6366824387328317,0.6366824387328317,0.6366824387328317
4312,0.7450260556567766,0.7597372923822429,0.8104616303452685,0.7646489081928868,0.7709363892380909,0.7597372923822429,0.7597372923822429,0.8104616303452685
1230,0.0,1.0,0.3333333333333333,1.0,1.0,1.0,1.0,1.0
2486,0.5,1.0,1.0,1.0,1.0,1.0,1.0,1.0
6121,0.0,0.6131471927654584,0.23719771276929622,0.6131471927654584,0.6131471927654584,0.6131471927654584,0.6131471927654584,0.6131471927654584
859,0.0,0.19342640361727081,0.3065735963827292,0.21840743681816419,0.3065735963827292,0.19342640361727081,0.20438239758848611,0.38685280723454163
6525,0.7039180890341347,0.46927872602275644,0.7653606369886217,0.46927872602275644,0.7653606369886217,0.46927872602275644,0.46927872602275644,0.7653606369886217
2590,0.0,0.9217868789962071,0.4441228664487979,0.9134015924715543,0.7039180890341347,0.9217868789962071,0.9217868789962071,0.9217868789962071
3781,0.6934264036172708,1.0,1.0,1.0,1.0,1.0,1.0,1.0
5374,0.0,0.0,0.0,0.0,0.0,0.0,0.0,0.0
1310,0.5,0.0,0.0,0.0,0.0,0.0,0.0,0.5
8005,0.0,0.5,0.0,0.5,0.3562071871080222,0.5,0.5,0.5
2994,0.0,0.18154179253735267,0.23463936301137822,0.23463936301137822,0.23463936301137822,0.18154179253735267,0.20210734650054757,0.23463936301137822
6142,0.6131471927654584,0.7977228895450266,0.6131471927654584,0.8065735963827293,0.7903864795495061,0.7977228895450266,0.8065735963827293,0.8065735963827293
3125,0.0,1.0,0.6309297535714575,1.0,0.6309297535714575,1.0,1.0,1.0
8832,0.0,1.0,1.0,1.0,1.0,1.0,1.0,1.0
3683,0.24676163983887406,0.7618870795651185,0.6664266464756511,0.7409096387260823,0.7409096387260823,0.7618870795651185,0.7409096387260823,0.7618870795651185
939,0.0,1.0,0.43067655807339306,1.0,1.0,1.0,1.0,1.0
7206,0.0,0.0,0.0,0.0,0.0,0.0,0.0,0.0
10246,0.0,0.0,0.0,0.0,0.0,0.0,0.0,0.0
5241,0.21398626473452756,0.2530614822099702,0.4371994911049732,0.32097939710179135,0.32703966649239957,0.2530614822099702,0.2765732350040718,0.4599715079731103
8121,0.0,1.0,1.0,1.0,1.0,1.0,1.0,1.0
98,0.0,0.6131471927654584,0.21840743681816419,0.6131471927654584,0.6131471927654584,0.6131471927654584,0.6131471927654584,0.6131471927654584
5064,0.5912352048230277,0.6131471927654584,1.0,0.6131471927654584,1.0,0.6131471927654584,0.6131471927654584,1.0
4615,0.40885093048316934,0.25909036127391766,0.6764554268686237,0.2987100207034456,0.43768250601780867,0.25909036127391766,0.2987100207034456,0.7113187596895268
7467,0.0,0.6309297535714575,0.43067655807339306,0.6309297535714575,0.6309297535714575,0.6309297535714575,0.6309297535714575,0.6309297535714575
1676,0.4144299250118475,0.5078961547485289,0.6422813708518126,0.5078961547485289,0.5032251913410369,0.5078961547485289,0.3903800499921017,0.6542448095688422
503,0.0,0.0,0.0,0.0,0.0,0.0,0.0,0.0
3264,0.15101961822780524,0.6096199500078984,1.0,0.6096199500078984,0.7606395682357036,0.6096199500078984,0.75369761125927,1.0
6467,0.0,0.16958010263680806,0.0,0.14606834984270645,0.0,0.16958010263680806,0.14606834984270645,0.16958010263680806
4289,0.0,0.8772153153380493,0.0,0.6509209298071326,0.7977228895450266,0.8772153153380493,0.8772153153380493,0.8772153153380493
4394,0.0,0.0,0.0,0.0,0.0,0.0,0.0,0.0
4047,0.8318724637288826,1.0,0.9493885684853097,1.0,1.0,1.0,0.9709286432396583,1.0
1815,1.0,1.0,1.0,1.0,1.0,1.0,1.0,1.0
7218,0.3333333333333333,1.0,0.6309297535714575,1.0,1.0,1.0,1.0,1.0
8982,0.0,0.0,0.0,0.0,0.0,0.0,0.0,0.0
8874,0.0,0.0,0.0,0.0,0.0,0.0,0.0,0.0
549,0.0,0.0,0.0,0.0,0.0,0.0,0.0,0.0
2407,0.3903800499921017,0.15101961822780524,0.0,0.15101961822780524,0.11751610475642714,0.15101961822780524,0.15101961822780524,0.3903800499921017
8937,0.0,0.0,0.0,0.0,0.0,0.0,0.0,0.0
7344,0.6131471927654584,0.2640681225725909,0.38685280723454163,0.2640681225725909,0.2640681225725909,0.2640681225725909,0.2640681225725909,0.6131471927654584
2856,0.0,0.3903800499921017,0.31834121936641585,0.3638184934971571,0.5272750663607827,0.3903800499921017,0.3638184934971571,0.559008518493208
7801,0.2640681225725909,0.6131471927654584,1.0,0.6131471927654584,0.8772153153380493,0.6131471927654584,0.6131471927654584,1.0
2395,1.0,0.43067655807339306,1.0,0.6309297535714575,1.0,0.43067655807339306,0.6309297535714575,1.0
6875,0.0,0.0,0.0,0.0,0.0,0.0,0.0,0.0
6891,0.46927872602275644,0.46927872602275644,0.46927872602275644,0.46927872602275644,0.46927872602275644,0.46927872602275644,0.46927872602275644,0.46927872602275644
7702,0.19342640361727081,0.8315546295836225,0.5012658353418871,0.8315546295836225,0.5437713091520254,0.8315546295836225,0.8315546295836225,0.8503449055347546
2695,1.0,1.0,1.0,1.0,1.0,1.0,1.0,1.0
5616,0.0,0.3010299956639812,0.3562071871080222,0.3010299956639812,0.43067655807339306,0.3010299956639812,0.3010299956639812,0.5
928,0.3065735963827292,0.9197207891481876,0.8065735963827293,0.8772153153380493,0.8772153153380493,0.9197207891481876,0.8772153153380493,0.9197207891481876
10447,0.14126697285982898,0.46927872602275644,0.2960819109658652,0.46927872602275644,0.46927872602275644,0.46927872602275644,0.46927872602275644,0.46927872602275644
5427,0.0,1.0,0.0,1.0,0.6934264036172708,1.0,1.0,1.0
2587,0.6309297535714575,1.0,1.0,1.0,1.0,1.0,1.0,1.0
5782,0.21398626473452756,0.16958010263680806,0.3391602052736161,0.3391602052736161,0.3391602052736161,0.16958010263680806,0.3391602052736161,0.3391602052736161
9871,0.11284514134893527,0.0,0.3903800499921017,0.0,0.11751610475642714,0.0,0.0,0.3903800499921017
6668,0.2640681225725909,0.44130740935663865,0.6131471927654584,0.48381288316677695,0.6131471927654584,0.44130740935663865,0.48381288316677695,0.6131471927654584
1284,1.0,0.5,1.0,1.0,1.0,0.5,1.0,1.0
2443,0.0,0.0,0.3562071871080222,0.0,0.2890648263178879,0.0,0.0,0.38685280723454163
3179,0.3065735963827292,0.7903864795495061,0.5640920940185894,0.7903864795495061,0.38685280723454163,0.7903864795495061,0.7903864795495061,0.7903864795495061
3404,0.0979129253499678,0.6144748978294174,0.5857421563596757,0.6266432627014137,0.7041249493150387,0.6144748978294174,0.6226754555126139,0.7957503936198023
3453,0.5802792108518124,0.8503449055347546,0.8772153153380493,0.8503449055347546,0.8772153153380493,0.8503449055347546,0.8503449055347546,0.9197207891481876
5045,0.0,0.6309297535714575,0.3562071871080222,0.6309297535714575,0.6309297535714575,0.6309297535714575,0.6309297535714575,0.6309297535714575
5808,0.0,1.0,0.38685280723454163,1.0,1.0,1.0,1.0,1.0
4845,0.0,0.9066276098484507,0.9325210919548239,0.9325210919548239,0.9325210919548239,0.9066276098484507,0.9134015924715543,1.0
3625,0.0,0.46927872602275644,0.18154179253735267,0.46927872602275644,0.46927872602275644,0.46927872602275644,0.46927872602275644,0.46927872602275644
6679,0.0,0.6871475159848289,0.3295827480202853,0.6546154994739983,0.6394562303262419,0.6871475159848289,0.6546154994739983,0.6871475159848289
6005,0.30523488393970116,0.40002324830925196,0.5541432109622958,0.4537425745411855,0.4690000933206748,0.40002324830925196,0.4690000933206748,0.6020521034564038
8544,0.6131471927654584,1.0,0.8503449055347546,0.9197207891481876,0.9197207891481876,1.0,0.9197207891481876,1.0
4464,0.0,0.6309297535714575,0.43067655807339306,1.0,1.0,0.6309297535714575,1.0,1.0
3822,0.0,0.3903800499921017,0.0,0.24630238874073,0.16812753627111746,0.3903800499921017,0.24630238874073,0.3903800499921017
7879,0.0,0.0,0.0,0.0,0.0,0.0,0.0,0.0
3115,0.4935232796777481,0.5943907508440193,0.6238470455881188,0.6105858728157117,0.6238470455881188,0.5943907508440193,0.5842273861585908,0.6238470455881188
8512,0.0,1.0,0.6309297535714575,1.0,1.0,1.0,1.0,1.0
3995,0.10699313236726378,0.0,0.11305340175787204,0.0,0.0,0.0,0.0,0.13120507751234178
559,0.0,0.0,0.0,0.0,0.0,0.0,0.0,0.0
3791,0.46927872602275644,0.4367467095119258,0.4776237035032179,0.49818925746641285,0.4776237035032179,0.4367467095119258,0.49818925746641285,0.6049306994552042
8002,0.2960819109658652,0.7653606369886217,0.46927872602275644,0.7039180890341347,0.7039180890341347,0.7653606369886217,0.7039180890341347,0.7653606369886217
4179,0.0,0.0,0.5,0.2890648263178879,0.3562071871080222,0.0,0.2890648263178879,0.5
2891,0.5,1.0,1.0,1.0,1.0,1.0,1.0,1.0
853,0.23719771276929622,1.0,0.6131471927654584,1.0,0.9197207891481876,1.0,1.0,1.0
10136,0.0,0.6364391809889587,0.14126697285982898,0.40179981797758046,0.40179981797758046,0.6364391809889587,0.4632423659320675,0.6364391809889587
8635,0.0,0.0,0.0,0.0,0.0,0.0,0.0,0.0
2513,0.0,0.6309297535714575,0.43067655807339306,0.6309297535714575,1.0,0.6309297535714575,0.6309297535714575,1.0
5206,0.0,0.15130120674940672,0.10778915452451093,0.15130120674940672,0.19092086617893467,0.15130120674940672,0.19092086617893467,0.19092086617893467
8959,0.43067655807339306,0.0,0.43067655807339306,0.0,0.31546487678572877,0.0,0.0,0.6309297535714575
4433,0.0,0.38685280723454163,0.0,0.38685280723454163,0.3065735963827292,0.38685280723454163,0.2640681225725909,0.38685280723454163
4188,0.0,0.6309297535714575,0.0,0.6309297535714575,0.5,0.6309297535714575,0.6309297535714575,0.6309297535714575
2713,0.20438239758848611,0.3065735963827292,0.6131471927654584,0.38685280723454163,0.6131471927654584,0.3065735963827292,0.38685280723454163,0.6131471927654584
9060,0.0,0.6131471927654584,0.38685280723454163,0.6131471927654584,0.6131471927654584,0.6131471927654584,0.6131471927654584,0.6131471927654584
7098,0.0,0.9197207891481876,0.23719771276929622,0.8772153153380493,0.7903864795495061,0.9197207891481876,0.8503449055347546,0.9197207891481876
10628,0.0,1.0,0.38685280723454163,1.0,1.0,1.0,1.0,1.0
6683,0.0,0.38685280723454163,0.3065735963827292,0.38685280723454163,0.5640920940185894,0.38685280723454163,0.38685280723454163,0.4227898344066503
10183,0.0,0.6131471927654584,0.21840743681816419,0.6131471927654584,0.6131471927654584,0.6131471927654584,0.6131471927654584,0.6131471927654584
3829,0.0,0.6131471927654584,0.0,0.38685280723454163,0.3065735963827292,0.6131471927654584,0.38685280723454163,0.6131471927654584
5585,0.0,0.6309297535714575,0.5,0.6309297535714575,0.5,0.6309297535714575,0.6309297535714575,0.6309297535714575
4105,0.0,0.3065735963827292,0.20438239758848611,0.3065735963827292,0.2640681225725909,0.3065735963827292,0.3065735963827292,0.3065735963827292
1074,0.0,1.0,0.3333333333333333,1.0,1.0,1.0,1.0,1.0
2465,0.0,0.0,0.0,0.0,0.0,0.0,0.0,0.0
4640,0.0,0.0,0.15642624200758548,0.0,0.0,0.0,0.0,0.15642624200758548
9275,0.0,0.0,0.0,0.0,0.0,0.0,0.0,0.0
10497,0.23365080824310533,0.7065836017263629,0.494639655562801,0.693761356516045,0.652370608445272,0.7065836017263629,0.7065836017263629,0.7065836017263629
9481,0.38685280723454163,0.6934264036172708,0.6240505200038379,0.6934264036172708,0.6509209298071326,0.6934264036172708,0.6934264036172708,0.6934264036172708
3500,0.5809949937791563,0.4935232796777481,0.540715333933695,0.5413753343496284,0.6023514424130536,0.4935232796777481,0.5413753343496284,0.6281870480351033
4205,0.20210734650054757,0.49818925746641285,0.7653606369886217,0.5307212739772434,0.5307212739772434,0.49818925746641285,0.5307212739772434,0.7653606369886217
1306,0.5294362295028773,0.6366824387328317,0.6366824387328317,0.6366824387328317,0.6366824387328317,0.6366824387328317,0.6366824387328317,0.6366824387328317
1826,0.8318724637288826,1.0,1.0,1.0,1.0,1.0,1.0,1.0
6262,0.15642624200758548,0.7653606369886217,0.7653606369886217,0.7653606369886217,0.7653606369886217,0.7653606369886217,0.7653606369886217,0.7653606369886217
5347,0.43067655807339306,1.0,1.0,1.0,1.0,1.0,1.0,1.0
4500,0.0,0.3065735963827292,0.19342640361727081,0.3065735963827292,0.23719771276929622,0.3065735963827292,0.3065735963827292,0.3065735963827292
3615,0.21840743681816419,0.9197207891481876,0.9197207891481876,0.9197207891481876,0.9197207891481876,0.9197207891481876,0.9197207891481876,1.0
8632,0.0,0.6131471927654584,0.6131471927654584,0.6131471927654584,0.6131471927654584,0.6131471927654584,0.6131471927654584,0.6131471927654584
9979,0.3903800499921017,0.3903800499921017,0.3903800499921017,0.3903800499921017,0.3903800499921017,0.3903800499921017,0.3903800499921017,0.3903800499921017
9617,0.0,0.46927872602275644,0.370291336443826,0.46927872602275644,0.2960819109658652,0.46927872602275644,0.2960819109658652,0.46927872602275644
1948,0.3333333333333333,1.0,1.0,1.0,1.0,1.0,1.0,1.0
6133,0.0,0.6131471927654584,0.38685280723454163,0.6131471927654584,0.6131471927654584,0.6131471927654584,0.6131471927654584,0.6131471927654584
9737,0.5173087569496825,0.370291336443826,0.7328286204777911,0.4441228664487979,0.55744812840856,0.370291336443826,0.4441228664487979,0.8710785440003369
3771,0.0,0.4935232796777481,0.0,0.4935232796777481,0.4935232796777481,0.4935232796777481,0.4539036202482202,0.4935232796777481
1736,0.4703652827859579,0.30078518014914984,0.5531464700081437,0.48522855511632257,0.5531464700081437,0.30078518014914984,0.34519134224686937,0.5531464700081437
5255,0.9066276098484507,1.0,1.0,1.0,1.0,1.0,1.0,1.0
5380,1.0,1.0,1.0,1.0,1.0,1.0,1.0,1.0
9188,0.6131471927654584,1.0,0.6131471927654584,1.0,1.0,1.0,1.0,1.0
2051,0.0,0.5,0.0,0.5,0.38685280723454163,0.5,0.5,0.5
5067,0.43067655807339306,0.3010299956639812,0.6309297535714575,0.3562071871080222,0.6309297535714575,0.3010299956639812,0.3333333333333333,0.6309297535714575
10414,0.6131471927654584,1.0,0.9197207891481876,1.0,1.0,1.0,1.0,1.0
6814,0.0,0.0,0.0,0.0,0.0,0.0,0.0,0.0
6146,0.6131471927654584,1.0,0.6131471927654584,1.0,1.0,1.0,1.0,1.0
4756,0.0,0.43067655807339306,0.0,0.43067655807339306,0.3562071871080222,0.43067655807339306,0.43067655807339306,0.43067655807339306
7754,0.0,0.5,0.0,0.5,0.38685280723454163,0.5,0.5,0.5
2076,0.0,1.0,0.19342640361727081,0.6934264036172708,0.6934264036172708,1.0,0.9197207891481876,1.0
1322,0.0,0.6366824387328317,0.3903800499921017,0.6366824387328317,0.6366824387328317,0.6366824387328317,0.6366824387328317,0.6366824387328317
2880,1.0,1.0,1.0,1.0,1.0,1.0,1.0,1.0
5172,0.0,0.21840743681816419,0.0,0.21840743681816419,0.0,0.21840743681816419,0.21840743681816419,0.21840743681816419
5185,0.0,0.0,0.0,0.0,0.0,0.0,0.0,0.0
9644,0.2890648263178879,0.43067655807339306,0.5,0.43067655807339306,0.5,0.43067655807339306,0.43067655807339306,0.5
6909,0.0,0.0,0.0,0.0,0.0,0.0,0.0,0.0
5906,0.0,0.5640920940185894,0.45749452618986164,0.5714285040141098,0.6240505200038379,0.5640920940185894,0.5640920940185894,0.6240505200038379
2348,0.39215784798408637,0.5541432109622958,0.800693766409882,0.5637884576902256,0.7183627972686238,0.5541432109622958,0.5637884576902256,0.800693766409882
687,0.0,0.18457569677956817,0.0,0.18457569677956817,0.0,0.18457569677956817,0.18457569677956817,0.18457569677956817
8017,0.0,0.0,0.3010299956639812,0.0,0.3010299956639812,0.0,0.0,0.3010299956639812
8795,1.0,1.0,1.0,1.0,1.0,1.0,1.0,1.0
4499,0.0,0.0,0.0,0.0,0.0,0.0,0.0,0.0
9929,0.0,0.9197207891481876,0.5912352048230277,0.9197207891481876,0.8503449055347546,0.9197207891481876,0.9197207891481876,0.9197207891481876
42,0.0,0.6105456988825855,0.14126697285982898,0.4441228664487979,0.3171937659698004,0.6105456988825855,0.4441228664487979,0.6105456988825855
3530,0.0,0.2960819109658652,0.2960819109658652,0.46927872602275644,0.2960819109658652,0.2960819109658652,0.2960819109658652,0.46927872602275644
5592,1.0,1.0,1.0,1.0,1.0,1.0,1.0,1.0
8296,0.6131471927654584,1.0,0.8503449055347546,1.0,1.0,1.0,1.0,1.0
659,0.2489083270225946,0.7909506325094737,0.5868924718493931,0.7909506325094737,0.7778721720600673,0.7909506325094737,0.7909506325094737,0.7909506325094737
9108,0.0,0.0,0.0,0.0,0.0,0.0,0.0,0.0
6835,0.0,0.6131471927654584,0.6131471927654584,0.6131471927654584,0.6131471927654584,0.6131471927654584,0.6131471927654584,0.6131471927654584
6803,0.24630238874073,0.5855700749881525,0.5585075862632192,0.5855700749881525,0.5855700749881525,0.5855700749881525,0.5855700749881525,0.5855700749881525
9381,0.0,0.0,0.21840743681816419,0.0,0.0,0.0,0.0,0.48381288316677695
4414,0.38685280723454163,0.5802792108518124,0.8175295903539445,0.6240505200038379,0.8503449055347546,0.5802792108518124,0.6240505200038379,1.0
3067,0.0,0.0,0.0,0.0,0.0,0.0,0.0,0.0
4125,0.0,0.0,0.0,0.0,0.0,0.0,0.0,0.0
1150,0.0,0.34620964322385606,0.36331756126716835,0.34620964322385606,0.3973220069685352,0.34620964322385606,0.3191471544989227,0.36331756126716835
7431,0.5,0.0,0.0,0.0,0.0,0.0,0.0,0.6309297535714575
2384,0.5,0.6309297535714575,1.0,0.6309297535714575,0.6309297535714575,0.6309297535714575,0.6309297535714575,1.0
895,1.0,0.6309297535714575,1.0,0.6309297535714575,1.0,0.6309297535714575,0.6309297535714575,1.0
7747,0.0,0.0,0.0,0.0,0.0,0.0,0.0,0.0
879,0.6309297535714575,1.0,1.0,1.0,1.0,1.0,1.0,1.0
8040,0.6309297535714575,1.0,1.0,1.0,1.0,1.0,1.0,1.0
3051,0.5,1.0,1.0,1.0,1.0,1.0,1.0,1.0
7705,0.15642624200758548,0.617319681505689,0.5307212739772434,0.6257049680303419,0.7039180890341347,0.617319681505689,0.6257049680303419,0.6713860725233041
10039,0.0,0.5,0.5,0.6309297535714575,1.0,0.5,0.6309297535714575,1.0
9808,0.0,0.2960819109658652,0.46927872602275644,0.2960819109658652,0.2960819109658652,0.2960819109658652,0.46927872602275644,0.46927872602275644
7188,0.0,0.3010299956639812,0.3333333333333333,0.3333333333333333,0.43067655807339306,0.3010299956639812,0.31546487678572877,0.5
4813,0.3562071871080222,0.6309297535714575,1.0,1.0,1.0,0.6309297535714575,1.0,1.0
3888,0.0,0.0,0.13565197343244778,0.0,0.0,0.0,0.0,0.13565197343244778
10109,0.38121301394452073,0.45224633769702605,0.4483039899025303,0.47600514717497383,0.4950605206767563,0.45224633769702605,0.47600514717497383,0.5310500112078503
957,0.6508205185601091,0.8519590445170673,0.7653606369886217,0.8519590445170673,0.7653606369886217,0.8519590445170673,0.9134015924715543,0.9134015924715543
10601,0.6309297535714575,0.0,0.5,0.0,0.31546487678572877,0.0,0.0,1.0
1871,0.19519002499605084,0.7757386182436072,0.5855700749881525,0.7757386182436072,0.8048099750039491,0.7757386182436072,0.7757386182436072,0.787702056960637
5331,0.6309297535714575,0.0,0.38685280723454163,0.0,0.3562071871080222,0.0,0.0,0.6309297535714575
2790,0.13743816645714543,0.41231449937143627,0.27487633291429087,0.3932591258696538,0.3932591258696538,0.41231449937143627,0.3932591258696538,0.41231449937143627
9882,0.0,0.0,0.0,0.0,0.0,0.0,0.0,0.0
4999,0.16812753627111746,0.653894291235738,0.5032251913410369,0.653894291235738,0.6436579276931672,0.653894291235738,0.653894291235738,0.6595629128335778
4142,0.0,0.5805485932475565,0.298254219601818,0.5805485932475565,0.553486104522623,0.5805485932475565,0.5805485932475565,0.5805485932475565
3189,0.0,0.0,0.0,0.0,0.0,0.0,0.0,0.0
5134,0.38685280723454163,0.38685280723454163,0.6131471927654584,0.38685280723454163,0.6131471927654584,0.38685280723454163,0.38685280723454163,0.6131471927654584
1321,0.0,0.6131471927654584,0.0,0.6131471927654584,0.38685280723454163,0.6131471927654584,0.6131471927654584,0.6131471927654584
10710,0.0,0.38685280723454163,0.43067655807339306,0.43067655807339306,0.38685280723454163,0.38685280723454163,0.43067655807339306,0.5
6890,0.0,0.9197207891481876,0.0,0.6509209298071326,0.8175295903539445,0.9197207891481876,0.6509209298071326,0.9197207891481876
3049,0.11751610475642714,0.5855700749881525,0.4144299250118475,0.5855700749881525,0.6366824387328317,0.5855700749881525,0.5855700749881525,0.6366824387328317
849,0.0,0.0,0.31546487678572877,0.0,0.3010299956639812,0.0,0.0,0.31546487678572877
4539,0.0,0.38685280723454163,0.3065735963827292,0.6131471927654584,0.6131471927654584,0.38685280723454163,0.6131471927654584,0.6131471927654584
4084,0.0,1.0,0.21840743681816419,0.9197207891481876,1.0,1.0,0.9197207891481876,1.0
715,0.0,0.23463936301137822,0.0,0.23463936301137822,0.18154179253735267,0.23463936301137822,0.23463936301137822,0.23463936301137822
2416,0.5585075862632192,0.9550236580992476,0.8048099750039491,0.9709286432396583,0.9828920819566879,0.9550236580992476,0.9828920819566879,0.9828920819566879
7509,0.0,0.0,0.0,0.0,0.0,0.0,0.0,0.0
2204,0.7380396325465056,1.0,0.8189080569732082,1.0,1.0,1.0,1.0,1.0
9646,0.0,0.8315546295836225,0.48381288316677695,0.8503449055347546,0.8503449055347546,0.8315546295836225,0.8315546295836225,0.8503449055347546
2334,0.46927872602275644,0.9134015924715543,0.6713860725233041,0.8519590445170673,0.8529278650606567,0.9134015924715543,0.8519590445170673,0.9134015924715543
2903,0.0,0.0,0.0,0.0,0.0,0.0,0.0,0.0
4827,0.0,1.0,0.3562071871080222,0.6309297535714575,0.6309297535714575,1.0,1.0,1.0
5534,0.0,0.8315546295836225,0.23719771276929622,0.8315546295836225,0.8315546295836225,0.8315546295836225,0.8315546295836225,0.8315546295836225
9668,0.0,0.9060254355346823,0.7328286204777911,0.9674679834891693,1.0,0.9060254355346823,0.9674679834891693,1.0
1530,0.0,0.9060254355346823,0.4367467095119258,0.9674679834891693,0.9674679834891693,0.9060254355346823,0.9674679834891693,0.9674679834891693
504,0.0,0.0,0.0,0.0,0.0,0.0,0.0,0.0
721,0.6309297535714575,1.0,1.0,1.0,1.0,1.0,1.0,1.0
2296,0.1482972305701491,0.43091684059322316,0.4512861809029252,0.5217403332523189,0.5176449700257815,0.43091684059322316,0.43091684059322316,0.5579957246028069
3186,0.9197207891481876,0.6131471927654584,0.6131471927654584,0.6131471927654584,0.6131471927654584,0.6131471927654584,0.6131471927654584,0.9197207891481876
10975,0.0,0.0,0.0,0.0,0.0,0.0,0.0,0.0
3859,0.0,0.31546487678572877,0.0,0.31546487678572877,0.0,0.31546487678572877,0.31546487678572877,0.3333333333333333
1994,0.16958010263680806,0.6504460199135362,0.6843515475204855,0.7860137352654724,0.8357799744028239,0.6504460199135362,0.8539316501572937,0.8539316501572937
6647,0.0,0.7653606369886217,0.41618115554873086,0.7653606369886217,0.7653606369886217,0.7653606369886217,0.7653606369886217,0.7653606369886217
9164,0.0,0.15642624200758548,0.15642624200758548,0.16716045496620227,0.15642624200758548,0.15642624200758548,0.16716045496620227,0.18154179253735267
1812,0.6131471927654584,0.0,0.0,0.0,0.0,0.0,0.0,0.6131471927654584
10462,0.0,0.0,0.0,0.0,0.0,0.0,0.0,0.0
8855,0.0,0.0,0.0,0.0,0.0,0.0,0.0,0.0
7594,0.0,0.43067655807339306,0.0,0.3562071871080222,0.3562071871080222,0.43067655807339306,0.38685280723454163,0.43067655807339306
4968,0.3010299956639812,0.6309297535714575,0.6309297535714575,0.6309297535714575,0.6309297535714575,0.6309297535714575,0.6309297535714575,1.0
7876,0.0,0.43067655807339306,0.31546487678572877,0.38685280723454163,0.3562071871080222,0.43067655807339306,0.43067655807339306,0.43067655807339306
7071,0.0,0.0,0.0,0.0,0.0,0.0,0.0,0.0
3534,0.0,0.0,0.0,0.0,0.0,0.0,0.0,0.0
8974,0.37941405415148566,0.32908604348504067,0.41253177989255346,0.3430427114200248,0.5390031312763821,0.32908604348504067,0.3372569370235428,0.4923263184550016
10912,0.0,0.31546487678572877,0.0,0.2890648263178879,0.0,0.31546487678572877,0.0,0.31546487678572877
2737,0.3333333333333333,1.0,1.0,1.0,1.0,1.0,1.0,1.0
2964,0.0,0.0,0.0,0.0,0.0,0.0,0.0,0.0
5178,0.0,0.38356636737133565,0.13120507751234178,0.36005461457723403,0.45221360703148816,0.38356636737133565,0.48522855511632257,0.48522855511632257
5061,0.0,0.0,0.0,0.0,0.0,0.0,0.0,0.0
7880,0.3065735963827292,0.21840743681816419,0.20438239758848611,0.19342640361727081,0.0,0.21840743681816419,0.18457569677956817,0.38685280723454163
9385,0.0,1.0,1.0,1.0,1.0,1.0,1.0,1.0
4411,0.2960819109658652,0.41618115554873086,0.46927872602275644,0.49818925746641285,0.6105456988825855,0.41618115554873086,0.4367467095119258,0.6713860725233041
515,1.0,0.6309297535714575,1.0,1.0,1.0,0.6309297535714575,1.0,1.0
2075,0.23504554941448536,0.49514558916405516,0.31037066104083766,0.4776418949509484,0.49075483234705963,0.49514558916405516,0.4879424725442698,0.49514558916405516
8230,0.0,0.23719771276929622,0.0,0.21840743681816419,0.18457569677956817,0.23719771276929622,0.20438239758848611,0.23719771276929622
4335,0.4144299250118475,0.6366824387328317,0.6366824387328317,0.7495275800817669,0.8318724637288826,0.6366824387328317,0.7541985434892589,0.787702056960637
7533,0.0,0.6131471927654584,0.6131471927654584,0.6131471927654584,0.6131471927654584,0.6131471927654584,0.6131471927654584,0.6131471927654584
5683,0.8065735963827293,1.0,0.8772153153380493,1.0,1.0,1.0,1.0,1.0
4785,0.5,1.0,1.0,1.0,1.0,1.0,1.0,1.0
7456,0.0,0.0,0.0,0.0,0.0,0.0,0.0,0.0
3528,0.43067655807339306,0.5,1.0,0.6309297535714575,0.6309297535714575,0.5,0.6309297535714575,1.0
1393,0.0,0.6920165406831017,0.23811292043488155,0.5680062719281794,0.47254583883871204,0.6920165406831017,0.5680062719281794,0.6920165406831017
9487,0.0,0.0,0.0,0.0,0.0,0.0,0.0,0.0
10792,0.20438239758848611,1.0,0.5802792108518124,1.0,1.0,1.0,1.0,1.0
5264,0.41412294568879626,0.5531464700081437,0.6992148198508501,0.5531464700081437,0.6511857558395008,0.5531464700081437,0.5531464700081437,0.6992148198508501
9733,0.0,0.16716045496620227,0.1480409554829326,0.15642624200758548,0.15642624200758548,0.16716045496620227,0.15642624200758548,0.16716045496620227
4339,0.8772153153380493,1.0,1.0,1.0,1.0,1.0,1.0,1.0
7311,0.0,0.0,0.0,0.0,0.0,0.0,0.0,0.0
744,0.0,0.20210734650054757,0.0,0.20210734650054757,0.15642624200758548,0.20210734650054757,0.20210734650054757,0.20210734650054757
7141,0.0,0.38685280723454163,0.0,0.3065735963827292,0.2640681225725909,0.38685280723454163,0.38685280723454163,0.38685280723454163
672,0.0,0.0,0.0,0.0,0.0,0.0,0.0,0.0
6002,0.3647442587311445,0.7019727018777485,0.7630946912803436,0.7695261902392829,0.7791714369672127,0.7019727018777485,0.7695261902392829,0.8521705090845474
4071,0.0,0.0,0.0,0.0,0.0,0.0,0.0,0.0
4103,0.0,0.0,0.0,0.0,0.0,0.0,0.0,0.0
1441,0.9558295932317544,0.9828920819566879,1.0,0.9828920819566879,1.0,0.9828920819566879,1.0,1.0
3254,0.7039180890341347,0.7653606369886217,0.7653606369886217,0.7653606369886217,0.7653606369886217,0.7653606369886217,0.7653606369886217,0.7653606369886217
7512,0.0,0.0,0.0,0.0,0.0,0.0,0.0,0.0
2589,0.6257049680303419,1.0,0.9674679834891693,1.0,1.0,1.0,1.0,1.0
2598,0.20438239758848611,0.38685280723454163,0.6131471927654584,0.38685280723454163,0.38685280723454163,0.38685280723454163,0.38685280723454163,0.6131471927654584
6800,0.0,0.6309297535714575,0.0,0.6309297535714575,0.6309297535714575,0.6309297535714575,0.5,0.6309297535714575
1391,0.0,0.46927872602275644,0.3044671974905181,0.46927872602275644,0.46927872602275644,0.46927872602275644,0.46927872602275644,0.46927872602275644
6278,0.8175295903539445,0.48381288316677695,1.0,0.5802792108518124,0.6934264036172708,0.48381288316677695,0.5802792108518124,1.0
7534,0.16716045496620227,0.46927872602275644,0.6257049680303419,0.46927872602275644,0.46927872602275644,0.46927872602275644,0.46927872602275644,0.6257049680303419
5356,0.0,0.14606834984270645,0.13120507751234178,0.14606834984270645,0.21398626473452756,0.14606834984270645,0.14606834984270645,0.16958010263680806
2579,0.0,0.6105858728157117,0.28201326940239274,0.4592846660663049,0.5547450991557722,0.6105858728157117,0.5709662133861837,0.6105858728157117
9961,0.38685280723454163,0.6309297535714575,0.6309297535714575,0.6309297535714575,0.6309297535714575,0.6309297535714575,0.6309297535714575,1.0
7484,1.0,1.0,1.0,1.0,1.0,1.0,1.0,1.0
5790,0.0,0.0,0.0,0.0,0.0,0.0,0.0,0.0
7823,0.6257049680303419,0.5307212739772434,0.7653606369886217,0.7653606369886217,0.7653606369886217,0.5307212739772434,0.7039180890341347,0.7653606369886217
689,0.0,0.0,0.0,0.0,0.0,0.0,0.0,0.0
604,0.0,0.9325210919548239,0.2836929289153804,0.8385465274895063,0.7039180890341347,0.9325210919548239,0.6653497124326151,0.9325210919548239
9174,0.0,0.3180858199564929,0.0,0.3131900827121407,0.10699313236726378,0.3180858199564929,0.3131900827121407,0.3180858199564929
6867,0.0,0.08274602130532002,0.0979129253499678,0.08274602130532002,0.08274602130532002,0.08274602130532002,0.08274602130532002,0.1773700047827352
5970,0.14126697285982898,0.2920782154400332,0.35853358850813305,0.30281242839865,0.3171937659698004,0.2920782154400332,0.30281242839865,0.4790262927928244
4681,1.0,1.0,1.0,1.0,1.0,1.0,1.0,1.0
1670,0.7653606369886217,0.7653606369886217,0.7653606369886217,0.7653606369886217,0.7653606369886217,0.7653606369886217,0.7653606369886217,0.7653606369886217
6901,0.0,0.5706417189553201,0.40298313359773236,0.6509209298071326,0.6509209298071326,0.5706417189553201,0.6509209298071326,0.6509209298071326
10808,0.0,0.9469024295259745,0.46927872602275644,0.9469024295259745,0.9325210919548239,0.9469024295259745,0.9469024295259745,0.9469024295259745
2383,0.6131471927654584,0.6131471927654584,0.6131471927654584,0.6131471927654584,0.6131471927654584,0.6131471927654584,0.6131471927654584,0.6131471927654584
3085,0.0,0.9197207891481876,0.0,0.6509209298071326,0.6052602440527057,0.9197207891481876,0.6509209298071326,0.9197207891481876
104,0.0,0.6131471927654584,0.3065735963827292,0.6131471927654584,0.6131471927654584,0.6131471927654584,0.6131471927654584,0.6131471927654584
5083,0.0,0.6131471927654584,0.0,0.38685280723454163,0.23719771276929622,0.6131471927654584,0.20438239758848611,0.6131471927654584
684,0.0,0.31546487678572877,0.0,0.31546487678572877,0.3333333333333333,0.31546487678572877,0.31546487678572877,0.3333333333333333
10674,0.24630238874073,0.8477774488692931,0.5413996682199069,0.8477774488692931,0.8421423592553552,0.8477774488692931,0.8421423592553552,0.8597408875863228
3594,0.0,0.9279611693743142,0.5413996682199069,0.9279611693743142,0.910853251331002,0.9279611693743142,0.9279611693743142,0.9279611693743142
10526,0.0,0.19342640361727081,0.0,0.18457569677956817,0.0,0.19342640361727081,0.18457569677956817,0.19342640361727081
2181,0.0,0.0,0.0,0.0,0.0,0.0,0.0,0.0
10994,0.5437713091520254,0.23719771276929622,0.45749452618986164,0.23719771276929622,0.45749452618986164,0.23719771276929622,0.23719771276929622,0.5437713091520254
5903,0.0,0.0,0.0,0.0,0.0,0.0,0.0,0.0
5620,0.0,0.123151194370365,0.123151194370365,0.123151194370365,0.123151194370365,0.123151194370365,0.123151194370365,0.13012668333070054
5254,0.0,0.6131471927654584,0.3065735963827292,0.6131471927654584,0.6131471927654584,0.6131471927654584,0.6131471927654584,0.6131471927654584
7221,0.0,0.0,0.0,0.0,0.0,0.0,0.0,0.0
3446,0.09803928583135704,0.7760551678305495,0.384266559722312,0.6739577727076379,0.6739577727076379,0.7760551678305495,0.6739577727076379,0.7760551678305495
7936,0.30281242839865,0.9066276098484507,0.49818925746641285,0.9066276098484507,0.7039180890341347,0.9066276098484507,0.9066276098484507,0.9134015924715543
2472,0.0,0.0,0.0,0.0,0.0,0.0,0.0,0.0
2306,0.6131471927654584,0.6131471927654584,0.6131471927654584,0.6131471927654584,0.6131471927654584,0.6131471927654584,0.6131471927654584,0.6131471927654584
7633,0.3903800499921017,0.3903800499921017,0.5078961547485289,0.3903800499921017,0.3903800499921017,0.3903800499921017,0.3903800499921017,0.5078961547485289
2400,0.23463936301137822,0.4525081529734507,0.6713860725233041,0.4776237035032179,0.5307212739772434,0.4525081529734507,0.5307212739772434,0.7653606369886217
5549,0.0,0.0,0.0,0.0,0.0,0.0,0.0,0.0
1832,0.6309297535714575,0.38685280723454163,0.6309297535714575,0.43067655807339306,0.6309297535714575,0.38685280723454163,0.6309297535714575,1.0
2749,0.38685280723454163,0.5706417189553201,0.6131471927654584,0.8772153153380493,0.8772153153380493,0.5706417189553201,0.8772153153380493,0.9197207891481876
3801,0.6131471927654584,0.6131471927654584,0.6131471927654584,0.6131471927654584,0.6131471927654584,0.6131471927654584,0.6131471927654584,0.6131471927654584
3735,0.0,0.45846073882962946,0.15642624200758548,0.3295827480202853,0.30281242839865,0.45846073882962946,0.45846073882962946,0.45846073882962946
622,0.0,0.8315546295836225,0.3065735963827292,0.6052602440527057,0.8503449055347546,0.8315546295836225,0.8315546295836225,0.8315546295836225
9088,0.0,0.23719771276929622,0.0,0.23719771276929622,0.2640681225725909,0.23719771276929622,0.23719771276929622,0.2640681225725909
4605,0.0,0.6773676006644395,0.4483039899025303,0.6920788373899056,0.6920788373899056,0.6773676006644395,0.6836550817096436,0.6920788373899056
2330,0.6131471927654584,0.8065735963827293,0.6131471927654584,0.7977228895450266,0.6131471927654584,0.8065735963827293,0.7977228895450266,0.8065735963827293
6792,0.0,0.0,0.0,0.0,0.0,0.0,0.0,0.0
6625,0.31546487678572877,0.6309297535714575,1.0,0.6309297535714575,0.6309297535714575,0.6309297535714575,0.6309297535714575,1.0
2885,0.0,0.0,0.0,0.0,0.0,0.0,0.0,0.0
15,0.0,0.43067655807339306,0.3562071871080222,0.43067655807339306,0.43067655807339306,0.43067655807339306,0.43067655807339306,0.6309297535714575
6110,0.37941405415148566,0.20626588994627673,0.41253177989255346,0.3125004541312545,0.4555573948688692,0.20626588994627673,0.3125004541312545,0.488675120609937
4823,0.46927872602275644,0.2960819109658652,0.46927872602275644,0.46927872602275644,0.46927872602275644,0.2960819109658652,0.46927872602275644,0.46927872602275644
3694,0.6131471927654584,0.9197207891481876,0.6131471927654584,0.9197207891481876,0.9197207891481876,0.9197207891481876,0.9197207891481876,0.9197207891481876
8,0.6131471927654584,0.6131471927654584,0.6131471927654584,0.6131471927654584,0.6131471927654584,0.6131471927654584,0.6131471927654584,0.6131471927654584
1309,0.11751610475642714,0.5205067333228022,0.6366824387328317,0.5585075862632192,0.5855700749881525,0.5205067333228022,0.5585075862632192,0.6366824387328317
3039,0.43067655807339306,0.3333333333333333,0.6309297535714575,0.3562071871080222,0.5,0.3333333333333333,0.3562071871080222,0.6309297535714575
699,0.3333333333333333,1.0,1.0,1.0,1.0,1.0,1.0,1.0
7109,0.2960819109658652,0.35853358850813305,0.4525081529734507,0.35853358850813305,0.4632423659320675,0.35853358850813305,0.4776237035032179,0.6049306994552042
5080,0.0,0.0,0.0,0.0,0.0,0.0,0.0,0.0
4981,0.7039180890341347,0.6713860725233041,0.7653606369886217,0.7039180890341347,0.7653606369886217,0.6713860725233041,0.7039180890341347,0.7653606369886217
3875,0.6131471927654584,1.0,0.8772153153380493,1.0,1.0,1.0,1.0,1.0
3932,0.0,0.23719771276929622,0.0,0.23719771276929622,0.18457569677956817,0.23719771276929622,0.23719771276929622,0.23719771276929622
3934,0.3903800499921017,0.6469523342593044,0.4202024810692814,0.5413996682199069,0.3764290720714305,0.6469523342593044,0.5294362295028773,0.6469523342593044
7445,0.0,0.0,0.0,0.0,0.0,0.0,0.0,0.0
2264,0.23719771276929622,0.6131471927654584,0.6131471927654584,0.6131471927654584,0.6131471927654584,0.6131471927654584,0.6131471927654584,0.6131471927654584
2895,0.0,0.0,0.0,0.0,0.0,0.0,0.0,0.0
6787,0.0,0.43067655807339306,0.0,0.38685280723454163,0.3010299956639812,0.43067655807339306,0.38685280723454163,0.43067655807339306
7096,0.0,0.5,0.5,0.5,0.6309297535714575,0.5,0.5,0.6309297535714575
2747,0.0,0.5,0.43067655807339306,0.6309297535714575,0.6309297535714575,0.5,0.5,0.6309297535714575
1933,1.0,1.0,1.0,1.0,1.0,1.0,1.0,1.0
1748,0.18154179253735267,0.46927872602275644,0.46927872602275644,0.46927872602275644,0.46927872602275644,0.46927872602275644,0.46927872602275644,0.46927872602275644
9735,0.0,0.3562071871080222,0.6309297535714575,0.38685280723454163,0.6309297535714575,0.3562071871080222,0.38685280723454163,1.0
5862,0.11751610475642714,0.4852658227346317,0.5294362295028773,0.5143371794949736,0.4763363265545566,0.4852658227346317,0.502373740777944,0.7246262544989281
10932,1.0,1.0,1.0,1.0,1.0,1.0,1.0,1.0
6041,0.6366824387328317,0.6366824387328317,0.7541985434892589,0.6366824387328317,0.6366824387328317,0.6366824387328317,0.6366824387328317,0.7541985434892589
7178,0.0,1.0,0.0,0.6309297535714575,0.5,1.0,0.6309297535714575,1.0
7068,0.8772153153380493,0.5109559939712153,1.0,0.5249810332008933,0.6240505200038379,0.5109559939712153,0.5249810332008933,1.0
7700,0.0,0.0,0.0,0.0,0.0,0.0,0.0,0.0
10558,0.17723928678404774,0.0,0.3065735963827292,0.17723928678404774,0.3065735963827292,0.0,0.0,0.3065735963827292
3014,0.0,0.8503449055347546,1.0,0.9197207891481876,1.0,0.8503449055347546,1.0,1.0
4863,0.23463936301137822,0.9066276098484507,0.7039180890341347,0.9134015924715543,0.7653606369886217,0.9066276098484507,0.9066276098484507,0.9134015924715543
3149,0.18457569677956817,0.3065735963827292,0.0,0.3065735963827292,0.23719771276929622,0.3065735963827292,0.38685280723454163,0.38685280723454163
1416,0.0,0.0,0.0,0.0,0.0,0.0,0.0,0.0
2801,0.6131471927654584,0.6131471927654584,0.6131471927654584,0.6131471927654584,0.6131471927654584,0.6131471927654584,0.6131471927654584,0.6131471927654584
5343,0.0,0.3333333333333333,0.0,0.3333333333333333,0.0,0.3333333333333333,0.3333333333333333,0.3333333333333333
547,0.0,0.2640681225725909,0.0,0.2640681225725909,0.2640681225725909,0.2640681225725909,0.2640681225725909,0.2640681225725909
6985,1.0,1.0,1.0,1.0,1.0,1.0,1.0,1.0
2154,0.31546487678572877,0.38685280723454163,1.0,0.6309297535714575,0.6309297535714575,0.38685280723454163,0.6309297535714575,1.0
3394,0.0,0.8318724637288826,0.13905617951077562,0.8318724637288826,0.7757386182436072,0.8318724637288826,0.8318724637288826,0.8318724637288826
5410,0.0,0.46927872602275644,0.2960819109658652,0.46927872602275644,0.46927872602275644,0.46927872602275644,0.46927872602275644,0.46927872602275644
810,0.0,0.0,0.6309297535714575,0.0,0.31546487678572877,0.0,0.2890648263178879,0.6309297535714575
3033,0.0,0.6131471927654584,0.2640681225725909,0.6131471927654584,0.6131471927654584,0.6131471927654584,0.6131471927654584,0.6131471927654584
8332,0.6049306994552042,0.7844801364718913,0.9060254355346823,0.8385465274895063,0.9674679834891693,0.7844801364718913,0.8278123145308894,0.9060254355346823
1469,1.0,0.5,1.0,1.0,1.0,0.5,1.0,1.0
10812,0.787702056960637,0.7668091220635322,0.8318724637288826,0.7757386182436072,0.8318724637288826,0.7668091220635322,0.7757386182436072,0.8318724637288826
3512,0.6131471927654584,0.8503449055347546,0.6131471927654584,0.8315546295836225,0.8175295903539445,0.8503449055347546,0.8315546295836225,0.8503449055347546
4102,0.0,0.36331756126716835,0.19519002499605084,0.36331756126716835,0.5413996682199069,0.36331756126716835,0.36331756126716835,0.5585075862632192
3566,0.16716045496620227,0.20210734650054757,0.23463936301137822,0.20210734650054757,0.15642624200758548,0.20210734650054757,0.20210734650054757,0.33775931993299535
94,1.0,1.0,1.0,1.0,1.0,1.0,1.0,1.0
2551,0.0,0.8854598815714874,0.7653606369886217,0.9469024295259745,0.9469024295259745,0.8854598815714874,0.8854598815714874,0.9469024295259745
2399,0.5,0.6309297535714575,1.0,1.0,1.0,0.6309297535714575,1.0,1.0
