qid,BM25,Dense,Borda a=0.5,Borda a*=0.01 [BASELINE],Score fusion a*=0.45,RRF a*=0.29,ROUTER (ours),Oracle alpha
PLAIN-2,0.7477844390871502,0.726793521844632,0.7057840642119155,0.7283052920491736,0.7340546061501902,0.7324741367446757,0.7085171051584387,0.7477844390871502
PLAIN-12,0.10931285305285364,0.23763960856001454,0.09818965828900982,0.20826398829169326,0.09818965828900982,0.21406975173424153,0.08007021759828019,0.23763960856001454
PLAIN-23,0.5237399554227841,0.4951328496468998,0.5348342833068076,0.4951328496468998,0.5438878853283052,0.5005962147771916,0.5005962147771916,0.583258187909715
PLAIN-33,0.14501300499131864,0.35891986799348485,0.16552770860095375,0.3641771985486272,0.3408657699732873,0.27296941787758977,0.09372895101910786,0.3641771985486272
PLAIN-44,0.16971286633003294,0.4496606094756298,0.21009956771165023,0.4496606094756298,0.28537280457763503,0.31652866310353484,0.4496606094756298,0.4496606094756298
PLAIN-56,0.6989192243407203,0.6948486819003711,0.6280971317444365,0.6607310738759066,0.6607310738759066,0.6607310738759066,0.6280971317444365,0.7044556613348935
PLAIN-68,0.5548860438136117,0.6516346335528802,0.6575323299081114,0.6598135880233754,0.7109503634702892,0.7084730054809739,0.6093223480791868,0.662215655685894
PLAIN-78,0.05657095544334432,0.0,0.08356216068516288,0.0,0.08966284300766811,0.034686322522146394,0.11665404824948666,0.11665404824948666
PLAIN-91,0.5162386514415965,0.35079393505659057,0.5469514152770043,0.42160476061251023,0.46972852398022497,0.5602067499247704,0.5391677838140634,0.5643627006376444
PLAIN-102,0.14868624537844896,0.32029030723026236,0.3843483686763149,0.30655488298059147,0.4299842524348973,0.42291516459501133,0.3843483686763149,0.4339104504691312
PLAIN-112,0.4655121707617587,0.7224773966319756,0.5061450999633262,0.6839247011211758,0.5728966501192609,0.537285794795758,0.5061450999633262,0.7224773966319756
PLAIN-123,0.02828547772167216,0.15628771462568414,0.05657095544334432,0.14957774916919148,0.05657095544334432,0.05657095544334432,0.05657095544334432,0.17215217259219207
PLAIN-133,0.0,0.39850269218800943,0.11115951480882885,0.41109514799871855,0.3738420928197099,0.2770744192206795,0.1436715886895903,0.41109514799871855
PLAIN-143,0.521256019952062,0.8252229436805272,0.6764072720036702,0.7370940659690144,0.6909032516569064,0.6909032516569064,0.8252229436805272,0.8252229436805272
PLAIN-153,0.5493388698658205,0.9048838518161815,1.0,0.9048838518161815,0.9517900181710754,0.9490593244271376,0.9048838518161815,1.0
PLAIN-165,0.25535096081962344,0.4332352270010698,0.3937404317428725,0.4332352270010698,0.39278204772942926,0.3974090065417699,0.4332352270010698,0.4332352270010698
PLAIN-175,0.3249649487838763,0.33009932786312685,0.2998837678474125,0.33181078755621035,0.33009932786312685,0.3287167396609223,0.3249649487838763,0.3340016694970523
PLAIN-186,0.09478836436955078,0.22009176629808017,0.22009176629808017,0.22009176629808017,0.22009176629808017,0.22009176629808017,0.22009176629808017,0.22009176629808017
PLAIN-196,0.6489315753318465,0.4690000933206748,0.5637884576902256,0.4690000933206748,0.6371523797895856,0.5541432109622958,0.5637884576902256,0.7007731679885374
PLAIN-207,0.4982710309705437,0.5298982599625925,0.45184593602045525,0.596517333399007,0.4189179618884325,0.4671034547999446,0.4736695902179647,0.6078421520159135
PLAIN-217,0.0,0.1681522864689108,0.0,0.18340980524840012,0.06625422345438903,0.11004588314904008,0.0,0.21222636597291458
PLAIN-227,0.09478836436955078,0.0,0.0,0.0,0.06943122193677727,0.0,0.0,0.09478836436955078
PLAIN-238,0.0,0.11004588314904008,0.08514311764162098,0.0,0.07336392209936005,0.0,0.08514311764162098,0.11004588314904008
PLAIN-248,0.3995688713838975,0.448668937538067,0.40030566811860463,0.448668937538067,0.5743371894486219,0.4131075281506069,0.448668937538067,0.448668937538067
PLAIN-259,0.3589542101716347,0.3589542101716347,0.3589542101716347,0.3589542101716347,0.3589542101716347,0.3589542101716347,0.3589542101716347,0.3589542101716347
PLAIN-270,0.09478836436955078,0.33013764944712026,0.2082936658103318,0.33013764944712026,0.28371255449703187,0.22400556151517553,0.2984900352767555,0.33013764944712026
PLAIN-280,0.424926013816671,0.40853591842579556,0.424926013816671,0.40853591842579556,0.424926013816671,0.424926013816671,0.40853591842579556,0.424926013816671
PLAIN-291,0.17993148201117176,0.3757677525932109,0.2489083270225946,0.3372080579682881,0.3589542101716347,0.3589542101716347,0.3589542101716347,0.3757677525932109
PLAIN-307,0.0,0.6462302129493455,0.7122630665145961,0.8603443310417203,0.7328286204777912,1.0,0.6462302129493455,1.0
PLAIN-320,0.0,0.0,0.0,0.0,0.0,0.0,0.0,0.0
PLAIN-332,0.6131471927654584,0.6131471927654584,0.6131471927654584,0.6131471927654584,0.6131471927654584,0.6131471927654584,0.6131471927654584,0.6131471927654584
PLAIN-344,0.27292665461406584,0.47152626803014724,0.4008263898402175,0.49144588610019957,0.45893381221943813,0.4008263898402175,0.47152626803014724,0.49144588610019957
PLAIN-358,0.0,0.0,0.0,0.0,0.0,0.0,0.0,0.0
PLAIN-371,0.27541155237618664,0.13770577618809332,0.27541155237618664,0.17376534287144002,0.27541155237618664,0.17376534287144002,0.17376534287144002,0.5360595666833466
PLAIN-383,0.10699313236726378,0.3391602052736161,0.3391602052736161,0.3391602052736161,0.3391602052736161,0.3391602052736161,0.3391602052736161,0.3391602052736161
PLAIN-395,0.0,0.0,0.0,0.0,0.0,0.0,0.0,0.0
PLAIN-407,0.7262287617954056,0.45819933371607996,0.45819933371607996,0.45819933371607996,0.7262287617954056,0.45819933371607996,0.45819933371607996,0.7262287617954056
PLAIN-418,0.7958830702855284,0.9072836011519267,0.9072836011519267,0.9072836011519267,0.9072836011519267,0.9072836011519267,0.9072836011519267,0.9072836011519267
PLAIN-430,0.6145291846697714,0.6278760013165626,0.6278760013165626,0.6278760013165626,0.6278760013165626,0.6278760013165626,0.6278760013165626,0.6278760013165626
PLAIN-441,0.9336636827595105,0.7188460618105419,0.7345204950565553,0.7225292631327483,0.8741581740831947,0.7345204950565553,0.6952186554835916,0.9336636827595105
PLAIN-457,0.0,0.0,0.0,0.0,0.0,0.0,0.0,0.0
PLAIN-468,0.30243748379838603,0.3843483686763149,0.5055967794435844,0.3843483686763149,0.3637452323018085,0.5055967794435844,0.3843483686763149,0.5055967794435844
PLAIN-478,0.0,0.0,0.0,0.0,0.0,0.0,0.0,0.0
PLAIN-488,0.9305687780632227,1.0,0.9363792118010483,1.0,0.933745776545611,1.0,1.0,1.0
PLAIN-499,0.2583297509898471,0.17947710508581735,0.2583297509898471,0.28762634971412726,0.32776097292662437,0.2781981696179509,0.31280477890197517,0.34301849170611365
PLAIN-510,0.0,0.0,0.0,0.0,0.0,0.0,0.0,0.0
PLAIN-520,0.0,0.0,0.0,0.0,0.0,0.0,0.0,0.0
PLAIN-531,0.3098064936645125,0.6722390270733757,0.39673781793804724,0.6405914129030109,0.6281460426238844,0.4673791184803734,0.39356081945565896,0.6722390270733757
PLAIN-541,0.11706259313796354,0.5274541611612878,0.3594562031108283,0.5499887725471476,0.42903378661381625,0.3894141271842883,0.3894141271842883,0.5499887725471476
PLAIN-551,0.0,0.0,0.0,0.0,0.0,0.0,0.0,0.0
PLAIN-561,0.3589542101716347,0.3589542101716347,0.3589542101716347,0.3589542101716347,0.3589542101716347,0.3589542101716347,0.3589542101716347,0.3589542101716347
PLAIN-571,0.2558209594125084,0.20112881426068294,0.24377484748737527,0.24377484748737527,0.24377484748737527,0.24377484748737527,0.2558209594125084,0.2558209594125084
PLAIN-583,0.22009176629808017,0.0,0.0,0.0,0.22009176629808017,0.0,0.06943122193677727,0.22009176629808017
PLAIN-593,0.46927872602275644,0.14126697285982898,0.46927872602275644,0.2960819109658652,0.46927872602275644,0.46927872602275644,0.46927872602275644,0.46927872602275644
PLAIN-603,0.0,0.0,0.0,0.0,0.0,0.0,0.0,0.0
PLAIN-613,0.0,0.13886244387355454,0.11004588314904008,0.13886244387355454,0.11004588314904008,0.13886244387355454,0.06625422345438903,0.13886244387355454
PLAIN-623,0.2489083270225946,0.3963918729015093,0.3589542101716347,0.33013764944712026,0.39375843764607193,0.3589542101716347,0.3125291152215463,0.3963918729015093
PLAIN-634,0.31833954895937183,0.33013764944712026,0.33013764944712026,0.33013764944712026,0.40853591842579556,0.33013764944712026,0.32730659600126993,0.33013764944712026
PLAIN-645,0.0,0.07336392209936005,0.0,0.13886244387355454,0.06943122193677727,0.08514311764162098,0.0,0.22466337602289155
PLAIN-660,1.0,1.0,1.0,1.0,1.0,1.0,1.0,1.0
PLAIN-671,1.0,1.0,1.0,1.0,1.0,1.0,1.0,1.0
PLAIN-681,1.0,1.0,1.0,1.0,1.0,1.0,1.0,1.0
PLAIN-691,0.0,0.0,0.0,0.0,0.0,0.0,0.0,0.0
PLAIN-701,0.605782506766195,0.2529427027676571,0.5170376467725687,0.2529427027676571,0.5362934382936664,0.5170376467725687,0.5615798830425318,0.605782506766195
PLAIN-711,0.3589542101716347,0.576669299949219,0.43231813227099475,0.78180487222265,0.762416491594312,0.7753366239771086,0.3589542101716347,0.857980942822373
PLAIN-721,1.0,0.4636440365082036,1.0,0.6994739030813919,1.0,1.0,1.0,1.0
PLAIN-731,0.8630152897016883,0.8521705090845474,0.8603818544462509,0.8521705090845474,0.800693766409882,0.8482378089219645,0.8643145546088337,0.866947989864271
PLAIN-741,0.8454256604216017,0.22009176629808017,0.6621137423456802,0.3589542101716347,0.7315449642824575,0.5174612499126158,0.7315449642824575,0.8454256604216017
PLAIN-751,0.0,0.0,0.0,0.0,0.0,0.0,0.0,0.0
PLAIN-761,0.15130120674940672,0.3079834593168982,0.19092086617893467,0.2987100207034456,0.25909036127391766,0.27839258028034286,0.19092086617893467,0.3079834593168982
PLAIN-771,1.0,0.8194270280062366,1.0,1.0,1.0,1.0,1.0,1.0
PLAIN-782,0.0,0.0,0.0,0.0,0.0,0.0,0.0,0.0
PLAIN-792,0.644824486427155,0.30260241349881345,0.4935232796777481,0.30260241349881345,0.4935232796777481,0.4935232796777481,0.6238470455881188,0.644824486427155
PLAIN-806,0.8415908474314976,0.7538142945344393,0.7917267193679839,0.8415908474314976,0.9216017310213247,0.8603818544462509,0.8521705090845474,0.914856882358379
PLAIN-817,0.0,0.2890648263178879,0.0,0.2890648263178879,0.0,0.0,0.0,0.2890648263178879
PLAIN-827,0.7827392871477702,0.5669450709942981,0.9266360779006401,0.522032859637427,0.8521705090845474,0.7663491917568946,0.8205228949141826,0.933745776545611
PLAIN-838,0.8550956239938448,0.7767471075223497,0.7767471075223497,0.7767471075223497,0.8550956239938448,0.7767471075223497,0.7767471075223497,0.8550956239938448
PLAIN-850,0.6489315753318465,0.33013764944712026,0.6274092458891772,0.4779671403625728,0.6489315753318465,0.6051399156371955,0.5637884576902256,0.7381919257729245
PLAIN-872,0.0,0.0,0.0,0.0,0.0,0.0,0.0,0.0
PLAIN-882,0.3589542101716347,0.8572048559638628,0.3589542101716347,0.793584067764911,0.8572048559638628,0.8572048559638628,0.3589542101716347,0.8572048559638628
PLAIN-892,0.9363792118010483,0.6489315753318465,0.8364586133797037,0.7151857987862356,0.9363792118010483,0.7702043899253147,0.9363792118010483,1.0
PLAIN-902,0.6366824387328317,0.0,0.6366824387328317,0.0,0.6366824387328317,0.3903800499921017,0.6366824387328317,0.6366824387328317
PLAIN-913,0.9363792118010483,0.7967610662472993,0.866947989864271,0.8603818544462509,0.866947989864271,0.866947989864271,0.8701249883466593,0.9363792118010483
PLAIN-924,0.22009176629808017,0.6331992944486872,0.22009176629808017,0.6431211415940209,0.6331992944486872,0.5669450709942981,0.22009176629808017,0.6431211415940209
PLAIN-934,0.6468562235661909,0.702728403557943,0.7421246259355073,0.702728403557943,0.7510916729774053,0.7759944384848244,0.702728403557943,0.804810999209339
PLAIN-946,0.31488013066763093,0.0,0.22009176629808017,0.0,0.31488013066763093,0.0,0.28952298823485745,0.3589542101716347
PLAIN-956,0.48647145024996696,0.5933607200949346,0.7695261902392829,0.5837154733670049,0.6809047493604335,0.7695261902392829,0.8205228949141826,0.835780413693672
PLAIN-966,0.0,0.0,0.14126697285982898,0.0,0.14126697285982898,0.0,0.14126697285982898,0.14126697285982898
PLAIN-977,0.0,0.20210734650054757,0.16716045496620227,0.23463936301137822,0.23463936301137822,0.18154179253735267,0.16716045496620227,0.23463936301137822
PLAIN-987,0.23463936301137822,0.0,0.0,0.0,0.16716045496620227,0.0,0.2960819109658652,0.2960819109658652
PLAIN-997,0.0,0.0,0.0,0.0,0.0,0.0,0.0,0.0
PLAIN-1008,0.0,0.0,0.0,0.0,0.0,0.0,0.0,0.0
PLAIN-1018,0.4826366372598628,0.48864468918810133,0.46299204139243627,0.5442213638169618,0.5442213638169618,0.5415879285615245,0.45484422125791796,0.5442213638169618
PLAIN-1028,0.0,0.5,0.0,0.5,0.0,0.38685280723454163,0.0,0.5
PLAIN-1039,1.0,1.0,1.0,1.0,1.0,1.0,1.0,1.0
PLAIN-1050,0.06362078819895171,0.09478836436955078,0.1736666713479918,0.22009176629808017,0.06625422345438903,0.22009176629808017,0.13886244387355454,0.22009176629808017
PLAIN-1066,0.0,0.0,0.0,0.0,0.0,0.0,0.0,0.0
PLAIN-1088,0.5531464700081437,0.45221360703148816,0.5531464700081437,0.5531464700081437,0.5531464700081437,0.5531464700081437,0.5531464700081437,0.5531464700081437
PLAIN-1098,0.0,0.10209739512291163,0.0,0.09803928583135704,0.10209739512291163,0.0,0.0,0.10209739512291163
PLAIN-1109,0.4690000933206748,0.7007731679885374,0.6530488081313035,0.6136525857537393,0.6758704024811183,0.5933607200949346,0.605504765619221,0.7007731679885374
PLAIN-1119,0.0,0.0,0.0,0.0,0.0,0.0,0.0,0.0
PLAIN-1130,1.0,1.0,1.0,1.0,1.0,1.0,1.0,1.0
PLAIN-1141,0.22009176629808017,0.22009176629808017,0.22009176629808017,0.22009176629808017,0.22009176629808017,0.22009176629808017,0.22009176629808017,0.22009176629808017
PLAIN-1151,0.5017289690294563,0.22009176629808017,0.33788625765431984,0.11004588314904008,0.3321737110889728,0.26462022272743835,0.2685529228900211,0.5779050396291792
PLAIN-1161,0.0,0.0,0.0,0.0,0.0,0.0,0.0,0.0
PLAIN-1172,0.22009176629808017,0.22009176629808017,0.22009176629808017,0.22009176629808017,0.22009176629808017,0.22009176629808017,0.22009176629808017,0.22009176629808017
PLAIN-1183,0.2863459897524692,0.07839826897867533,0.22400556151517553,0.09478836436955078,0.17947710508581735,0.19518900079066107,0.21726071285222986,0.2984900352767555
PLAIN-1193,0.0,0.06362078819895171,0.0,0.06625422345438903,0.0,0.0,0.0,0.06625422345438903
PLAIN-1203,0.3589542101716347,0.5388856921828065,0.3589542101716347,0.5067837010870873,0.3589542101716347,0.48882922182497546,0.3589542101716347,0.5388856921828065
PLAIN-1214,0.0,0.0,0.0,0.0,0.0,0.0,0.0,0.0
PLAIN-1225,0.5363559634917963,0.8115558478722846,0.7289115290270202,0.7479350596733328,0.7411902110103873,0.7123736502858727,0.7123736502858727,0.8115558478722846
PLAIN-1236,0.3391602052736161,0.3391602052736161,0.3391602052736161,0.3391602052736161,0.3391602052736161,0.3391602052736161,0.3391602052736161,0.3391602052736161
PLAIN-1249,0.0,0.0,0.0,0.0,0.0,0.0,0.0,0.0
PLAIN-1262,0.38363315291837646,0.424926013816671,0.424926013816671,0.424926013816671,0.424926013816671,0.424926013816671,0.424926013816671,0.424926013816671
PLAIN-1275,0.5423640154200349,0.5637884576902256,0.5637884576902256,0.5637884576902256,0.5637884576902256,0.5637884576902256,0.5423640154200349,0.5637884576902256
PLAIN-1288,0.9052116356304493,0.467122359745432,0.7695261902392829,0.5541432109622958,0.7753366239771086,0.70844095012329,0.7600791051976192,0.9052116356304493
PLAIN-1299,0.14465249243306436,0.22009176629808017,0.30523488393970116,0.22009176629808017,0.2934556883974402,0.28371255449703187,0.1635413866202963,0.30523488393970116
PLAIN-1309,0.0,0.0,0.0,0.0,0.0,0.0,0.0,0.0
PLAIN-1320,0.4221121032555764,0.0,0.23877292085081492,0.0,0.37708540574924465,0.15130120674940672,0.3079834593168982,0.47254583883871204
PLAIN-1331,0.0,0.0,0.0,0.0,0.0,0.0,0.0,0.0
PLAIN-1342,0.32730659600126993,0.4936790360674166,0.5370079586075637,0.4936790360674166,0.46945447024602915,0.5370079586075637,0.5357086937004182,0.542042305486879
PLAIN-1353,0.0,0.0,0.0,0.0,0.0,0.0,0.0,0.0
PLAIN-1363,0.22009176629808017,0.1610425878239398,0.22009176629808017,0.28371255449703187,0.2863459897524692,0.28371255449703187,0.22009176629808017,0.28371255449703187
PLAIN-1374,0.0,0.0,0.06625422345438903,0.0,0.0,0.0,0.06943122193677727,0.07336392209936005
PLAIN-1387,0.6898286563534621,0.6300426811446146,0.7846170207230129,0.7125523635307982,0.7846170207230129,0.7885497208855957,0.7846170207230129,0.7885497208855957
PLAIN-1398,1.0,1.0,1.0,1.0,1.0,1.0,1.0,1.0
PLAIN-1409,0.07839826897867533,0.30523488393970116,0.2082936658103318,0.20483424751859086,0.13886244387355454,0.2583297509898471,0.22009176629808017,0.31561692740233804
PLAIN-1419,0.43231813227099475,0.34948673995165525,0.5103515512676448,0.48571574856977245,0.5743371894486219,0.5957616317188126,0.4537425745411855,0.6437684113853992
PLAIN-1429,0.0,0.0,0.0,0.0,0.0,0.0,0.0,0.0
PLAIN-1441,0.4220949603708207,0.47684658870035296,0.6059848036189867,0.5494344239412028,0.5887498202463202,0.6015720654566381,0.5645441593704201,0.6136525857537393
PLAIN-1453,0.5181190644203317,0.4705561169627617,1.0,0.5795003533950692,0.5264282969545138,0.857980942822373,0.78180487222265,1.0
PLAIN-1463,0.40350157154648025,0.3436966913921454,0.40348266660099286,0.3436966913921454,0.47842151728792726,0.40741536676357565,0.4073174795910971,0.46664232174566633
PLAIN-1473,1.0,0.0,0.0,0.0,0.5,0.0,1.0,1.0
PLAIN-1485,0.0,0.07336392209936005,0.0,0.06943122193677727,0.06943122193677727,0.06362078819895171,0.0,0.07336392209936005
PLAIN-1496,0.0,0.0,0.0,0.0,0.0,0.0,0.0,0.0
PLAIN-1506,0.2984900352767555,0.13886244387355454,0.22009176629808017,0.22009176629808017,0.22009176629808017,0.22009176629808017,0.2934556883974402,0.2984900352767555
PLAIN-1516,0.0,0.0,0.0,0.0,0.0,0.0,0.0,0.0
PLAIN-1527,0.8521705090845474,1.0,1.0,1.0,1.0,1.0,1.0,1.0
PLAIN-1537,0.09478836436955078,0.6172839611614819,0.3187939258847263,0.6172839611614819,0.5072380780124418,0.4220949603708207,0.28762634971412726,0.6172839611614819
PLAIN-1547,0.0,0.15130120674940672,0.0,0.10778915452451093,0.15130120674940672,0.09546043308946733,0.0,0.15130120674940672
PLAIN-1557,0.2781981696179509,0.2489083270225946,0.2489083270225946,0.2489083270225946,0.3125291152215463,0.2489083270225946,0.23365080824310533,0.28997736516021183
PLAIN-1568,1.0,0.9197207891481876,1.0,0.9197207891481876,1.0,1.0,1.0,1.0
PLAIN-1579,0.3391602052736161,0.1208113026994942,0.3391602052736161,0.3391602052736161,0.3391602052736161,0.3391602052736161,0.3391602052736161,0.3391602052736161
PLAIN-1590,0.11004588314904008,0.08514311764162098,0.11004588314904008,0.09478836436955078,0.11004588314904008,0.11004588314904008,0.08514311764162098,0.11004588314904008
PLAIN-1601,0.5806020001118019,0.48964844873235525,0.6851198693323691,0.5559026721867443,0.6311443278613471,0.5964984284535195,0.6947651160602989,0.7104770117651426
PLAIN-1611,0.0,0.0,0.0,0.0,0.0,0.0,0.0,0.0
PLAIN-1621,0.0,0.0,0.0,0.0,0.0,0.0,0.0,0.0
PLAIN-1635,0.42566281055137817,0.8611375561264454,0.8364586133797037,0.8611375561264454,0.7975167679274937,0.7827392871477702,0.7827392871477702,0.8611375561264454
PLAIN-1645,0.30260241349881345,0.0,0.30260241349881345,0.09109240322345806,0.30260241349881345,0.30260241349881345,0.30260241349881345,0.30260241349881345
PLAIN-1656,0.13886244387355454,0.06943122193677727,0.13886244387355454,0.07839826897867533,0.13886244387355454,0.13886244387355454,0.20248323207250624,0.22009176629808017
PLAIN-1667,0.6402900881481708,0.7015099647232446,0.866947989864271,0.7799082337019199,0.9216017310213247,0.914856882358379,0.9266360779006401,0.9363792118010483
PLAIN-1679,0.0,0.6309297535714575,0.0,0.38685280723454163,0.6309297535714575,0.43067655807339306,0.0,0.6309297535714575
PLAIN-1690,0.0,0.0,0.0,0.0,0.0,0.0,0.0,0.0
PLAIN-1700,0.0,0.0,0.0,0.0,0.0,0.0,0.0,0.0
PLAIN-1710,1.0,1.0,1.0,1.0,1.0,1.0,1.0,1.0
PLAIN-1721,0.6621137423456802,0.0,0.08514311764162098,0.0,0.5017289690294563,0.0,0.6032621820619528,0.6621137423456802
PLAIN-1731,0.7653606369886217,0.7039180890341347,0.7653606369886217,0.7039180890341347,0.7653606369886217,0.7039180890341347,0.7653606369886217,0.7653606369886217
PLAIN-1741,1.0,1.0,1.0,1.0,1.0,1.0,1.0,1.0
PLAIN-1752,0.0,0.0,0.0,0.0,0.0,0.0,0.0,0.0
PLAIN-1762,0.2860604285087249,0.6368547259115425,0.5729893548658227,0.6368547259115425,0.605782506766195,0.6193198671454698,0.49684601414843915,0.6368547259115425
PLAIN-1772,1.0,1.0,1.0,1.0,1.0,1.0,1.0,1.0
PLAIN-1784,0.0,0.0,0.0,0.0,0.0,0.0,0.0,0.0
PLAIN-1794,1.0,0.6131471927654584,1.0,0.6131471927654584,1.0,1.0,1.0,1.0
PLAIN-1805,1.0,0.9266360779006401,0.9363792118010483,0.9216017310213247,0.9305687780632227,0.933745776545611,0.9266360779006401,1.0
PLAIN-1817,0.5326208815196265,0.42257499837058643,0.5174612499126158,0.4440973278132557,0.6136525857537393,0.5077181160122074,0.5352543167750639,0.6046855387118412
PLAIN-1827,0.0,0.0,0.0,0.0,0.0,0.0,0.0,0.0
PLAIN-1837,1.0,1.0,1.0,1.0,1.0,1.0,1.0,1.0
PLAIN-1847,0.2489083270225946,0.06943122193677727,0.22009176629808017,0.11004588314904008,0.13886244387355454,0.22009176629808017,0.23365080824310533,0.30523488393970116
PLAIN-1857,0.6274092458891772,0.5473983622993502,0.5541432109622958,0.5541432109622958,0.6300426811446146,0.5541432109622958,0.5637884576902256,0.6332196796270029
PLAIN-1867,0.27487633291429087,0.0,0.17342765698823945,0.0,0.27487633291429087,0.09162544430476362,0.27487633291429087,0.27487633291429087
PLAIN-1877,0.0,0.0,0.0,0.0,0.0,0.0,0.0,0.0
PLAIN-1887,0.0,0.0,0.0,0.0,0.0,0.0,0.0,0.0
PLAIN-1897,0.0,0.0,0.0,0.0,0.0,0.0,0.0,0.0
PLAIN-1909,0.9305687780632227,0.530263109944618,0.5867945846769145,0.5522654773870531,0.6434035614033737,0.5797827732044221,0.741670249010153,0.9305687780632227
PLAIN-1919,0.7967610662472993,0.8701249883466593,0.8701249883466593,0.8701249883466593,0.8701249883466593,0.8701249883466593,0.9363792118010483,1.0
PLAIN-1929,0.0,0.30523488393970116,0.0,0.28371255449703187,0.22009176629808017,0.11004588314904008,0.09478836436955078,0.30523488393970116
PLAIN-1940,0.3589542101716347,0.3589542101716347,0.3589542101716347,0.3589542101716347,0.3589542101716347,0.3589542101716347,0.3589542101716347,0.3589542101716347
PLAIN-1950,0.2489083270225946,0.2489083270225946,0.2489083270225946,0.2489083270225946,0.2489083270225946,0.2489083270225946,0.2489083270225946,0.2489083270225946
PLAIN-1962,0.0,0.0,0.0,0.0,0.0,0.0,0.0,0.0
PLAIN-1972,0.0,0.0,0.0,0.0,0.0,0.0,0.0,0.06943122193677727
PLAIN-1983,1.0,1.0,1.0,1.0,1.0,1.0,1.0,1.0
PLAIN-1995,0.0,0.0,0.0,0.0,0.0,0.0,0.0,0.0
PLAIN-2009,0.15958907712489634,0.27883103983257174,0.12647135138382856,0.261847869624114,0.28692892635709777,0.2663675653175515,0.15958907712489634,0.27883103983257174
PLAIN-2019,0.46927872602275644,0.20210734650054757,0.46927872602275644,0.2960819109658652,0.46927872602275644,0.46927872602275644,0.46927872602275644,0.46927872602275644
PLAIN-2030,0.30260241349881345,0.0,0.30260241349881345,0.09546043308946733,0.30260241349881345,0.30260241349881345,0.30260241349881345,0.30260241349881345
PLAIN-2040,0.750637296052051,0.40807318127129166,0.6867151830982591,0.6023277671368327,0.7007731679885374,0.6520881886359191,0.6969383549984332,0.7605591431973849
PLAIN-2051,0.7191184989488184,0.5033242827953464,0.6274092458891772,0.5033242827953464,0.6207622843987103,0.6168295842361274,0.7630946912803436,0.772837825180752
PLAIN-2061,0.9216017310213247,1.0,0.8899541168509599,1.0,0.914856882358379,0.9216017310213247,0.9052116356304493,1.0
PLAIN-2071,0.5548010254700116,0.47010174003740723,0.4569970750177365,0.4642913062995817,0.5264282969545138,0.4569970750177365,0.4818998405251556,0.5548010254700116
PLAIN-2081,1.0,1.0,1.0,1.0,1.0,1.0,1.0,1.0
PLAIN-2092,0.6489315753318465,0.6489315753318465,0.6489315753318465,0.6489315753318465,0.6489315753318465,0.6489315753318465,0.6489315753318465,0.6489315753318465
PLAIN-2102,0.7542686714597936,0.5716145678915879,0.7510916729774053,0.5676818677290053,0.6163668470816234,0.6851198693323691,0.7510916729774053,0.8165901947515999
PLAIN-2113,0.0,0.0,0.0,0.0,0.0,0.0,0.0,0.0
PLAIN-2124,0.3589542101716347,0.7421246259355073,0.3589542101716347,0.762416491594312,0.762416491594312,0.762416491594312,0.3589542101716347,0.762416491594312
PLAIN-2134,0.0,0.0,0.0,0.0,0.0,0.0,0.0,0.0
PLAIN-2145,0.1482972305701491,0.0,0.0,0.0,0.10122860821230018,0.0,0.10122860821230018,0.1482972305701491
PLAIN-2156,0.644824486427155,0.7456919575934261,0.644824486427155,0.7456919575934261,0.7456919575934261,0.7456919575934261,0.644824486427155,0.7456919575934261
PLAIN-2167,0.0,0.0,0.0,0.0,0.0,0.0,0.0,0.0
PLAIN-2177,0.2684550357175426,0.605504765619221,0.43231813227099475,0.42520843362602373,0.40350157154648025,0.43231813227099475,0.2781981696179509,0.605504765619221
PLAIN-2187,0.38334277998463445,0.23504554941448536,0.35256832412172806,0.23504554941448536,0.38334277998463445,0.23504554941448536,0.38334277998463445,0.38334277998463445
PLAIN-2197,0.756902106715231,0.9363792118010483,0.7967610662472993,0.9363792118010483,0.8603818544462509,0.9266360779006401,0.9266360779006401,0.9363792118010483
PLAIN-2209,0.0,0.0,0.0,0.0,0.0,0.0,0.0,0.0
PLAIN-2220,0.23504554941448536,0.0,0.0,0.0,0.23504554941448536,0.0,0.23504554941448536,0.23504554941448536
PLAIN-2230,0.11838279295536291,0.0,0.10633668103022985,0.0,0.17342765698823945,0.0,0.13743816645714543,0.17342765698823945
PLAIN-2240,0.6172839611614819,0.5423640154200349,0.5637884576902256,0.5473983622993502,0.6332196796270029,0.5541432109622958,0.5637884576902256,0.6177639991612475
PLAIN-2250,0.0,0.0,0.0,0.0,0.0,0.0,0.0,0.0
PLAIN-2261,0.684383072597662,0.6431211415940209,0.6489315753318465,0.6470538417566039,0.7788065869851872,0.7151857987862356,0.7183627972686238,0.7183627972686238
PLAIN-2271,0.0,0.0,0.0,0.0,0.0,0.0,0.0,0.0
PLAIN-2281,0.0,0.0,0.0,0.0,0.0,0.0,0.0,0.0
PLAIN-2291,0.3391602052736161,0.0,0.0,0.0,0.3391602052736161,0.0,0.10209739512291163,0.3391602052736161
PLAIN-2301,0.0,0.6122496142821665,0.0,0.4950940324881554,0.3565964385966262,0.4818809355796682,0.0,0.6122496142821665
PLAIN-2311,0.0,0.0,0.0,0.0,0.0,0.0,0.0,0.0
PLAIN-2321,0.0,0.0,0.0,0.0,0.0,0.0,0.0,0.0
PLAIN-2332,0.4569970750177365,0.17630010660342912,0.4576752747037683,0.27191445400928355,0.36670281837883434,0.3706355185414171,0.45186484096594276,0.4576752747037683
PLAIN-2343,0.0,0.0,0.0,0.0,0.0,0.0,0.0,0.0
PLAIN-2354,0.30078518014914984,0.5087403079104241,0.5531464700081437,0.5087403079104241,0.5531464700081437,0.5531464700081437,0.3156484524795145,0.5531464700081437
PLAIN-2364,0.0,0.0,0.0,0.0,0.0,0.0,0.0,0.0
PLAIN-2375,0.0,0.0,0.0,0.0,0.0,0.0,0.0,0.0
PLAIN-2386,0.0,0.1884441521277154,0.0,0.1884441521277154,0.1681522864689108,0.1681522864689108,0.0,0.1884441521277154
PLAIN-2396,0.0,0.0,0.0,0.0,0.0,0.0,0.0,0.0
PLAIN-2408,0.0,0.0,0.0,0.0,0.0,0.0,0.0,0.0
PLAIN-2430,0.3810389513230977,0.5377642213167411,0.47403444019999,0.48077928886293564,0.5326208815196265,0.5564612461747144,0.4902070227203253,0.5525285460121315
PLAIN-2440,0.0,0.0,0.0,0.0,0.0,0.0,0.0,0.0
PLAIN-2450,0.1388624438735545,0.17630010660342912,0.21222636597291455,0.17630010660342912,0.20829366581033176,0.20829366581033176,0.17630010660342912,0.21222636597291455
PLAIN-2460,0.11115951480882885,0.5421742808775997,0.5709902424223859,0.6174425052423075,0.5797960522822954,0.5547667366883089,0.5547667366883089,0.6174425052423075
PLAIN-2470,0.42588038698952035,0.7124538506229497,0.6996001449506042,0.7166513358931861,0.7100786900706602,0.6467466721184701,0.7124538506229497,0.7916709066784688
PLAIN-2480,0.2529031039921721,0.29703557351513465,0.2867685214134953,0.2654421345659982,0.29247387249913376,0.23275617833152865,0.21295780647097712,0.3193418142675514
PLAIN-2490,0.5056897090764095,0.09578105912639352,0.06043112003142867,0.09578105912639352,0.3183250760938588,0.10832164959462544,0.06043112003142867,0.5056897090764095
PLAIN-2500,0.0,0.5049413569952415,0.3855960484450212,0.5098875489467086,0.3855960484450212,0.4615773840204906,0.4615773840204906,0.5098875489467086
PLAIN-2510,0.7631925784528221,0.5303818186580341,0.716485063693381,0.5303818186580341,0.7183424120903081,0.6371130896657824,0.5303818186580341,0.7631925784528221
PLAIN-2520,0.08957915184229842,0.09544866325082306,0.11965140339054489,0.09781856279914672,0.08296944234086487,0.11965140339054489,0.08296944234086487,0.11965140339054489
PLAIN-2530,0.9069212362975007,0.9537125187088151,0.9510907186004267,0.9537125187088151,0.9510907186004267,0.9510907186004267,0.9537125187088151,0.9537125187088151
PLAIN-2540,0.24058243645102018,0.20625511116465134,0.5698070533407644,0.213679715948568,0.463767496944359,0.463767496944359,0.5028633663592319,0.6845834319465832
PLAIN-2550,0.0,0.0,0.09581564728760895,0.0,0.08966284300766811,0.09581564728760895,0.09581564728760895,0.10405896756643919
PLAIN-2560,0.793584067764911,0.9363792118010483,0.8701249883466592,0.9363792118010483,0.9363792118010483,0.8701249883466592,0.9363792118010483,0.9363792118010483
PLAIN-2570,0.16014043519656038,0.10931285305285364,0.2538165846357146,0.10931285305285364,0.2538165846357146,0.16014043519656038,0.16014043519656038,0.16014043519656038
PLAIN-2580,0.38115247509499667,0.2120506147149238,0.2944845345191593,0.21612713948554507,0.3613518156215195,0.2795538134680243,0.2795538134680243,0.4465386392567646
PLAIN-2590,0.0,0.3441152535637914,0.18790109241301167,0.3511588482575162,0.25809615608144887,0.26953757770476766,0.25809615608144887,0.3548129788131008
PLAIN-2600,0.7058680856494565,0.6915254607890425,0.7058680856494565,0.6915254607890425,0.7058680856494565,0.6915254607890425,0.6915254607890425,0.7058680856494565
PLAIN-2610,0.21050706759751286,0.5063481795764465,0.3222722491219546,0.5037528280812642,0.42099331365408826,0.42742183541320483,0.5063481795764465,0.5104976767442099
PLAIN-2620,0.5234749581547848,0.046287481291184845,0.4556196335402011,0.046287481291184845,0.4622890952885609,0.21179084446227378,0.2095425615746252,0.5348273670431597
PLAIN-2630,0.4690000933206747,0.689828656353462,0.6235744328990729,0.6235744328990729,0.6235744328990729,0.6235744328990729,0.6168295842361273,0.689828656353462
PLAIN-2640,0.5749366822212298,0.5219123352271297,0.501324274524393,0.5496619428548325,0.5523998689750885,0.501324274524393,0.501324274524393,0.5758533744268123
PLAIN-2650,0.49463965556280093,0.601572065456638,0.5271064966405455,0.601572065456638,0.5174612499126157,0.5321408435198608,0.601572065456638,0.6177639991612474
PLAIN-2660,0.18340980524840012,0.21145027911440428,0.30701473034246535,0.22212782793993271,0.29343678345195273,0.2973694836145355,0.2973694836145355,0.36099027181348725
PLAIN-2670,0.3406992958233561,0.3846327888273884,0.39748251179391547,0.38960969584443333,0.39748251179391547,0.43031057271851714,0.38960969584443333,0.43166941430872424
PLAIN-2680,0.488894550430296,0.16062992300978352,0.27377183389647214,0.16062992300978352,0.31035993512147597,0.214544287833867,0.16062992300978352,0.488894550430296
PLAIN-2690,0.34895581564209216,0.5302747450916668,0.459546032054288,0.533451743574055,0.45897987310946675,0.47817009205153876,0.35454079743305905,0.5428988286157188
PLAIN-2700,0.17034964791167806,0.7260062664908333,0.3735273567479578,0.657780143798266,0.6192309748986847,0.5756252655793964,0.24914422527060795,0.7260062664908333
PLAIN-2710,0.5869701527415238,0.6906119546391791,0.6294416796959476,0.6823917548497459,0.687676684685876,0.6493612977659998,0.6535587830362362,0.6906119546391791
PLAIN-2720,0.1803600272970896,0.26037119566102646,0.21222636597291455,0.2279382616777583,0.21222636597291455,0.21222636597291455,0.21222636597291455,0.2906246349515899
PLAIN-2730,0.24595935910999758,0.7183747209763525,0.49353428769034974,0.721852869148318,0.6120751852104147,0.5749948317710674,0.4209997846144604,0.721852869148318
PLAIN-2740,0.44871691940341424,0.7638393518847789,0.5393547280874781,0.7604012421069926,0.5077654512326384,0.6445962516337352,0.7638393518847789,0.7638393518847789
PLAIN-2750,0.4998269046955412,0.5782282979542994,0.5521280900996975,0.5782282979542994,0.5521280900996975,0.5521280900996975,0.5521280900996975,0.5782282979542994
PLAIN-2760,0.0,0.4702199443548266,0.0,0.2563273127290855,0.0,0.0,0.0,0.4702199443548266
PLAIN-2770,0.5651370451001332,0.24468932563140416,0.5179660084239669,0.24468932563140416,0.48370547531323355,0.4381178835995413,0.24468932563140416,0.5918399635293506
PLAIN-2780,0.3494735117795251,0.4351486734991233,0.3754888647363852,0.4351486734991233,0.4209621398763532,0.37804768657093685,0.37804768657093685,0.4505821896468261
PLAIN-2790,0.6701385047314972,0.7909506325094736,0.6733862160316333,0.7443802385826697,0.7396404394860223,0.6666413673686876,0.6750643316580717,0.7909506325094736
PLAIN-2800,0.21495732275579915,0.03582622045929986,0.043933493004032285,0.03582622045929986,0.043933493004032285,0.043933493004032285,0.04891040002107725,0.3735273567479578
PLAIN-2810,0.040574581402997495,0.0,0.040574581402997495,0.0,0.03518605297853543,0.0,0.0,0.040574581402997495
PLAIN-2820,0.0,0.0,0.0,0.0,0.0,0.0,0.0,0.15169150408954787
PLAIN-2830,0.3631143808977028,0.45819933371607996,0.45819933371607996,0.45819933371607996,0.45819933371607996,0.45819933371607996,0.45819933371607996,0.45819933371607996
PLAIN-2840,0.0,0.0,0.0,0.0,0.0,0.0,0.0,0.0
PLAIN-2850,0.0,0.47965506954306864,0.0,0.3026286548261086,0.20657619441326283,0.13865140936996156,0.0,0.47965506954306864
PLAIN-2860,1.0,1.0,1.0,1.0,1.0,1.0,1.0,1.0
PLAIN-2870,0.0,0.0,0.0,0.0,0.0,0.0,0.0,0.06736103609739806
PLAIN-2880,0.0,0.0,0.0,0.0,0.0,0.0,0.0,0.0
PLAIN-2890,0.15282202671858752,0.1974505933948842,0.1974505933948842,0.1974505933948842,0.1974505933948842,0.1974505933948842,0.1974505933948842,0.1974505933948842
PLAIN-2900,0.0,0.0,0.0,0.0,0.0,0.0,0.0,0.0
PLAIN-2910,0.24249682153453903,0.24249682153453903,0.24249682153453903,0.24249682153453903,0.24249682153453903,0.24249682153453903,0.24249682153453903,0.24249682153453903
PLAIN-2920,0.0,0.0,0.0,0.0,0.0,0.0,0.0,0.0
PLAIN-2930,0.45846608015576257,0.45846608015576257,0.45846608015576257,0.45846608015576257,0.45846608015576257,0.45846608015576257,0.45846608015576257,0.45846608015576257
PLAIN-2940,0.0,0.11110159443698248,0.0,0.11110159443698248,0.0,0.0,0.0,0.11110159443698248
PLAIN-2950,0.0,0.0,0.0,0.0,0.0,0.0,0.0,0.0
PLAIN-2960,0.3196311965446524,0.0,0.35583989829307827,0.0,0.35583989829307827,0.27541155237618664,0.35583989829307827,0.35583989829307827
PLAIN-2970,0.47965506954306864,0.6423832578707767,0.5329500772700763,0.6128925888605877,0.598951910151841,0.589637227430326,0.5300931786807535,0.6423832578707767
PLAIN-2981,0.5880569508488241,0.5321036168710066,0.5321036168710066,0.5321036168710066,0.5321036168710066,0.5321036168710066,0.5321036168710066,0.5880569508488241
PLAIN-2991,0.3868528072345416,0.3868528072345416,0.3868528072345416,0.3868528072345416,0.3868528072345416,0.3868528072345416,0.3868528072345416,0.3868528072345416
PLAIN-3001,0.26406812257259094,0.26406812257259094,0.3868528072345416,0.3065735963827292,0.3065735963827292,0.3868528072345416,0.3065735963827292,0.3868528072345416
PLAIN-3014,0.0,0.0,0.0,0.0,0.0,0.0,0.0,0.0
PLAIN-3026,0.0,0.3154648767857287,0.3562071871080222,0.4306765580733931,0.3010299956639812,0.4306765580733931,0.0,0.6309297535714574
PLAIN-3037,0.0,0.16812753627111748,0.0,0.16812753627111748,0.13012668333070057,0.13905617951077562,0.0,0.16812753627111748
PLAIN-3053,0.7653606369886218,0.4692787260227565,0.6508205185601091,0.4692787260227565,0.7653606369886218,0.4692787260227565,0.7653606369886218,0.7653606369886218
PLAIN-3063,0.0,0.0,0.0,0.11284514134893527,0.0,0.0,0.0,0.11284514134893527
PLAIN-3074,1.0,1.0,1.0,1.0,1.0,1.0,1.0,1.0
PLAIN-3085,0.0,0.42278983440665036,0.1845756967795682,0.42278983440665036,0.4029831335977324,0.1934264036172708,0.42278983440665036,0.430624116386567
PLAIN-3097,0.515157140670655,0.515157140670655,0.515157140670655,0.515157140670655,0.515157140670655,0.515157140670655,0.515157140670655,0.515157140670655
PLAIN-3116,0.0,0.0,0.0,0.0,0.0,0.0,0.0,0.0
PLAIN-3131,0.40353363721028584,0.4625636767043584,0.4625636767043584,0.4625636767043584,0.6037938248219619,0.4625636767043584,0.4625636767043584,0.6418014432305191
PLAIN-3141,0.0,0.0,0.22104509331901828,0.0,0.09848418277380512,0.0,0.09848418277380512,0.22104509331901828
PLAIN-3151,0.0,0.5616600268166082,0.5995992658258127,0.5893469620375226,0.5200378992349027,0.5952175019441288,0.5952175019441288,0.5995992658258127
PLAIN-3161,0.45846608015576257,0.5570778570322938,0.5535822283395813,0.5611123662502623,0.5066760619846872,0.5611123662502623,0.5026415527667187,0.5995862423800385
PLAIN-3171,0.22923304007788128,0.0,0.11006030561622021,0.0,0.050940675572862505,0.0,0.2166731323883856,0.33459689315500024
PLAIN-3181,0.0,0.0,0.07336392209936005,0.0,0.0,0.0,0.07336392209936005,0.08514311764162098
PLAIN-3191,0.375609331437446,0.1646087221395651,0.33188474397845913,0.2204386078501931,0.4067500262698777,0.3291537340225692,0.4082432735689161,0.4989343481103213
PLAIN-3201,0.27157288599945495,0.3352639050140046,0.2801737156507438,0.3374698728024719,0.3352639050140046,0.3402005665464099,0.2801737156507438,0.5094067557286251
PLAIN-3211,0.0,0.0,0.0,0.0,0.0,0.0,0.0,0.0
PLAIN-3221,0.0,0.0,0.0,0.0,0.0,0.0,0.0,0.0
PLAIN-3231,0.0,0.2898324417640275,0.0,0.27709055240697067,0.040062625792889724,0.09556611986093784,0.0,0.2898324417640275
PLAIN-3241,0.1380120421213717,0.2892598909735474,0.27523705411833854,0.2892598909735474,0.2892598909735474,0.2892598909735474,0.22923304007788128,0.3436961952391225
PLAIN-3251,0.054436304265575074,0.0,0.050940675572862505,0.0,0.06581686446496139,0.0,0.06581686446496139,0.09641996365784913
PLAIN-3261,0.17034964791167806,0.0,0.14673120006323176,0.0,0.14673120006323176,0.0,0.17034964791167806,0.17034964791167806
PLAIN-3271,0.0,0.07336392209936005,0.0,0.06625422345438903,0.0,0.0,0.0,0.07336392209936005
PLAIN-3281,0.3843483686763149,0.24249682153453903,0.3843483686763149,0.3843483686763149,0.3843483686763149,0.3843483686763149,0.3843483686763149,0.3843483686763149
PLAIN-3292,0.18518802000709855,0.4370658653429895,0.5304158942308868,0.4883366785409686,0.4727276153382553,0.5360665830444455,0.4370658653429895,0.5415021314813042
PLAIN-3302,0.24924199037643666,0.09421399586938178,0.24924199037643666,0.09421399586938178,0.11355593430893278,0.22923304007788128,0.24924199037643666,0.24924199037643666
PLAIN-3312,0.08640053062441679,0.2559980115099416,0.21469749357157458,0.25750978171448313,0.23923741852520441,0.23427078736402868,0.2058902239879038,0.25750978171448313
PLAIN-3322,0.08514311764162098,0.2051166673279436,0.13305201013572898,0.28952298823485745,0.13961814555374907,0.11004588314904008,0.13305201013572898,0.30523488393970116
PLAIN-3332,0.3566735660678941,0.7385455737435663,0.6869560816108896,0.7385455737435663,0.8995596816939677,0.8588798377757242,0.7385455737435663,0.9008493425982129
PLAIN-3342,0.7653606369886218,0.6049306994552043,0.7039180890341348,0.6049306994552043,0.7653606369886218,0.6508205185601091,0.6508205185601091,0.7653606369886218
PLAIN-3352,0.0,0.30655488298059147,0.24249682153453903,0.46518064252116126,0.2881327052931214,0.30655488298059147,0.14868624537844896,0.46518064252116126
PLAIN-3362,0.6573548268593187,0.16552983252263884,0.3843483686763149,0.24249682153453903,0.4247645055987381,0.3843483686763149,0.3843483686763149,0.6573548268593187
PLAIN-3372,0.1380120421213717,0.1974505933948842,0.17735889013007314,0.1974505933948842,0.1974505933948842,0.1974505933948842,0.17735889013007314,0.1974505933948842
PLAIN-3382,0.1193990697635428,0.548212231519422,0.4056900511956116,0.4849205472194483,0.4063665061201596,0.4842995937023959,0.4879982757098493,0.548212231519422
PLAIN-3392,0.0,0.0,0.0,0.0,0.0,0.0,0.0,0.0
PLAIN-3402,0.0,0.0,0.06943122193677727,0.0,0.06362078819895171,0.06943122193677727,0.07839826897867533,0.07839826897867533
PLAIN-3412,0.2141681435731105,0.3593229731292297,0.3611353358945166,0.3963568379415572,0.36134771623895456,0.40569005119561163,0.32256853997582013,0.4108528175947933
PLAIN-3422,0.13099323537073343,0.05095087920490648,0.09014892639300214,0.04951571810791473,0.10019081893981802,0.08058701392610278,0.07812561488575512,0.162304587575496
PLAIN-3432,0.22716217481924803,0.14465249243306436,0.22793826167775827,0.14465249243306436,0.15139734109601002,0.21819512777734998,0.17993148201117176,0.2578753740644926
PLAIN-3442,0.0,0.0,0.0,0.0,0.0,0.0,0.0,0.0
PLAIN-3452,0.5844153148080933,0.1666829188108014,0.49404231388094977,0.17732378819817038,0.5603786080725599,0.4339104504691312,0.1666829188108014,0.5844153148080933
PLAIN-3462,0.643121141594021,0.6163668470816234,0.7167674835027337,0.6163668470816234,0.67269340399873,0.6975961695061491,0.6163668470816234,0.7314470771099788
PLAIN-3472,0.0,0.3831242365055741,0.0,0.3738420928197099,0.1436715886895903,0.11115951480882885,0.3831242365055741,0.3831242365055741
